dag_id,name,data,stage_id
b4f814ea-f6d4-11ea-a4ee-9848275c1b15,1,{'a7': {'size': 31}},0
b4f814ea-f6d4-11ea-a4ee-9848275c1b15,1,{'d7': {'size': 23}},1
b4f814ea-f6d4-11ea-a4ee-9848275c1b15,1,"{'c7': {'size': 19}, 'd7': {'size': 50}}",1
b4f814ea-f6d4-11ea-a4ee-9848275c1b15,1,{'a6': {'size': 42}},0
b4f814ea-f6d4-11ea-a4ee-9848275c1b15,1,"{'a6': {'size': 64}, 'b6': {'size': 25}}",0
b4f814ea-f6d4-11ea-a4ee-9848275c1b15,1,{'d7': {'size': 23}},1
b4f814ea-f6d4-11ea-a4ee-9848275c1b15,1,"{'c7': {'size': 19}, 'd7': {'size': 50}}",1
b4f814ea-f6d4-11ea-a4ee-9848275c1b15,1,{'d6': {'size': 28}},1
b4f814ea-f6d4-11ea-a4ee-9848275c1b15,1,{'d7': {'size': 23}},1
b4f814ea-f6d4-11ea-a4ee-9848275c1b15,1,"{'c7': {'size': 19}, 'd7': {'size': 50}}",1
b4f814ea-f6d4-11ea-a4ee-9848275c1b15,1,{'d7': {'size': 23}},1
b4f814ea-f6d4-11ea-a4ee-9848275c1b15,1,"{'c7': {'size': 19}, 'd7': {'size': 50}}",1
dag_id,name,data,stage_id
b4f5e2cc-f6d4-11ea-96fc-9848275c1b15,2,{'a6': {'size': 42}},0
b4f5e2cc-f6d4-11ea-96fc-9848275c1b15,2,"{'a6': {'size': 64}, 'b6': {'size': 25}}",0
b4f5e2cc-f6d4-11ea-96fc-9848275c1b15,2,{'d7': {'size': 23}},1
b4f5e2cc-f6d4-11ea-96fc-9848275c1b15,2,"{'c7': {'size': 19}, 'd7': {'size': 50}}",1
dag_id,name,data,stage_id
c5fa3abe-f6d6-11ea-a4ee-9848275c1b15,1,{'a7': {'size': 31}},0
c5fa3abe-f6d6-11ea-a4ee-9848275c1b15,1,{'d7': {'size': 23}},1
c5fa3abe-f6d6-11ea-a4ee-9848275c1b15,1,"{'c7': {'size': 19}, 'd7': {'size': 50}}",1
c5fa3abe-f6d6-11ea-a4ee-9848275c1b15,1,{'a6': {'size': 42}},0
c5fa3abe-f6d6-11ea-a4ee-9848275c1b15,1,"{'a6': {'size': 64}, 'b6': {'size': 25}}",0
c5fa3abe-f6d6-11ea-a4ee-9848275c1b15,1,{'d7': {'size': 23}},1
c5fa3abe-f6d6-11ea-a4ee-9848275c1b15,1,"{'c7': {'size': 19}, 'd7': {'size': 50}}",1
c5fa3abe-f6d6-11ea-a4ee-9848275c1b15,1,{'d6': {'size': 28}},1
c5fa3abe-f6d6-11ea-a4ee-9848275c1b15,1,{'d7': {'size': 23}},1
c5fa3abe-f6d6-11ea-a4ee-9848275c1b15,1,"{'c7': {'size': 19}, 'd7': {'size': 50}}",1
c5fa3abe-f6d6-11ea-a4ee-9848275c1b15,1,{'d7': {'size': 23}},1
c5fa3abe-f6d6-11ea-a4ee-9848275c1b15,1,"{'c7': {'size': 19}, 'd7': {'size': 50}}",1
dag_id,name,data,stage_id
c5f661a4-f6d6-11ea-878a-9848275c1b15,2,{'a6': {'size': 42}},0
c5f661a4-f6d6-11ea-878a-9848275c1b15,2,"{'a6': {'size': 64}, 'b6': {'size': 25}}",0
c5f661a4-f6d6-11ea-878a-9848275c1b15,2,{'d7': {'size': 23}},1
c5f661a4-f6d6-11ea-878a-9848275c1b15,2,"{'c7': {'size': 19}, 'd7': {'size': 50}}",1
dag_id,name,data,stage_id
9edf67dc-f6d7-11ea-a4ee-9848275c1b15,1,{'a7': {'size': 31}},0
9edf67dc-f6d7-11ea-a4ee-9848275c1b15,1,{'a6': {'size': 42}},0
9edf67dc-f6d7-11ea-a4ee-9848275c1b15,1,"{'a6': {'size': 64}, 'b6': {'size': 25}}",0
9edf67dc-f6d7-11ea-a4ee-9848275c1b15,1,{'d7': {'size': 23}},1
dag_id,name,data,stage_id
9eddfe10-f6d7-11ea-b82a-9848275c1b15,2,{'a6': {'size': 42}},0
9eddfe10-f6d7-11ea-b82a-9848275c1b15,2,"{'a6': {'size': 64}, 'b6': {'size': 25}}",0
9eddfe10-f6d7-11ea-b82a-9848275c1b15,2,{'a7': {'size': 31}},0
9eddfe10-f6d7-11ea-b82a-9848275c1b15,2,{'d7': {'size': 23}},1
dag_id,name,data,stage_id
f4f42f36-f6d7-11ea-a4f0-9848275c1b15,1,{'a7': {'size': 31}},0
f4f42f36-f6d7-11ea-a4f0-9848275c1b15,1,{'d7': {'size': 23}},1
f4f42f36-f6d7-11ea-a4f0-9848275c1b15,1,"{'c7': {'size': 19}, 'd7': {'size': 50}}",1
f4f42f36-f6d7-11ea-a4f0-9848275c1b15,1,{'a6': {'size': 42}},0
f4f42f36-f6d7-11ea-a4f0-9848275c1b15,1,"{'a6': {'size': 64}, 'b6': {'size': 25}}",0
f4f42f36-f6d7-11ea-a4f0-9848275c1b15,1,{'d7': {'size': 23}},1
f4f42f36-f6d7-11ea-a4f0-9848275c1b15,1,"{'c7': {'size': 19}, 'd7': {'size': 50}}",1
f4f42f36-f6d7-11ea-a4f0-9848275c1b15,1,{'d6': {'size': 28}},1
f4f42f36-f6d7-11ea-a4f0-9848275c1b15,1,{'d7': {'size': 23}},1
f4f42f36-f6d7-11ea-a4f0-9848275c1b15,1,"{'c7': {'size': 19}, 'd7': {'size': 50}}",1
f4f42f36-f6d7-11ea-a4f0-9848275c1b15,1,{'d7': {'size': 23}},1
f4f42f36-f6d7-11ea-a4f0-9848275c1b15,1,"{'c7': {'size': 19}, 'd7': {'size': 50}}",1
dag_id,name,data,stage_id
f4f20f42-f6d7-11ea-90b3-9848275c1b15,2,{'a6': {'size': 42}},0
f4f20f42-f6d7-11ea-90b3-9848275c1b15,2,"{'a6': {'size': 64}, 'b6': {'size': 25}}",0
f4f20f42-f6d7-11ea-90b3-9848275c1b15,2,{'d7': {'size': 23}},1
f4f20f42-f6d7-11ea-90b3-9848275c1b15,2,"{'c7': {'size': 19}, 'd7': {'size': 50}}",1
dag_id,name,data,stage_id
7899f816-f6d8-11ea-a4f0-9848275c1b15,1,{'a7': {'size': 31}},0
7899f816-f6d8-11ea-a4f0-9848275c1b15,1,{'d7': {'size': 23}},1
7899f816-f6d8-11ea-a4f0-9848275c1b15,1,"{'c7': {'size': 19}, 'd7': {'size': 50}}",1
7899f816-f6d8-11ea-a4f0-9848275c1b15,1,{'a6': {'size': 42}},0
7899f816-f6d8-11ea-a4f0-9848275c1b15,1,"{'a6': {'size': 64}, 'b6': {'size': 25}}",0
7899f816-f6d8-11ea-a4f0-9848275c1b15,1,{'d7': {'size': 23}},1
7899f816-f6d8-11ea-a4f0-9848275c1b15,1,"{'c7': {'size': 19}, 'd7': {'size': 50}}",1
7899f816-f6d8-11ea-a4f0-9848275c1b15,1,{'d6': {'size': 28}},1
7899f816-f6d8-11ea-a4f0-9848275c1b15,1,{'d7': {'size': 23}},1
7899f816-f6d8-11ea-a4f0-9848275c1b15,1,"{'c7': {'size': 19}, 'd7': {'size': 50}}",1
7899f816-f6d8-11ea-a4f0-9848275c1b15,1,{'d7': {'size': 23}},1
7899f816-f6d8-11ea-a4f0-9848275c1b15,1,"{'c7': {'size': 19}, 'd7': {'size': 50}}",1
dag_id,name,data,stage_id
7897566f-f6d8-11ea-af9b-9848275c1b15,2,{'a6': {'size': 42}},0
7897566f-f6d8-11ea-af9b-9848275c1b15,2,"{'a6': {'size': 64}, 'b6': {'size': 25}}",0
7897566f-f6d8-11ea-af9b-9848275c1b15,2,{'d7': {'size': 23}},1
7897566f-f6d8-11ea-af9b-9848275c1b15,2,"{'c7': {'size': 19}, 'd7': {'size': 50}}",1
dag_id,name,data,stage_id
af7687c2-f6d9-11ea-a4f0-9848275c1b15,1,{'a6': {'size': 42}},0
af7687c2-f6d9-11ea-a4f0-9848275c1b15,1,"{'a6': {'size': 64}, 'b6': {'size': 25}}",0
dag_id,name,data,stage_id
b88d2266-f6da-11ea-a4f0-9848275c1b15,1,{'a6': {'size': 64}},0
b88d2266-f6da-11ea-a4f0-9848275c1b15,1,{'a1': {'size': 1}},1
b88d2266-f6da-11ea-a4f0-9848275c1b15,1,{'a6': {'size': 42}},0
b88d2266-f6da-11ea-a4f0-9848275c1b15,1,"{'a6': {'size': 64}, 'b6': {'size': 25}}",0
b88d2266-f6da-11ea-a4f0-9848275c1b15,1,{'a1': {'size': 1}},1
dag_id,name,data,stage_id
43b17068-f6db-11ea-a4f0-9848275c1b15,1,{'a7': {'size': 31}},0
43b17068-f6db-11ea-a4f0-9848275c1b15,1,{'a1': {'size': 1}},1
43b17068-f6db-11ea-a4f0-9848275c1b15,1,{'d7': {'size': 23}},1
43b17068-f6db-11ea-a4f0-9848275c1b15,1,"{'c7': {'size': 19}, 'd7': {'size': 50}}",1
43b17068-f6db-11ea-a4f0-9848275c1b15,1,{'a1': {'size': 1}},1
43b17068-f6db-11ea-a4f0-9848275c1b15,1,{'d6': {'size': 28}},1
43b17068-f6db-11ea-a4f0-9848275c1b15,1,{'a1': {'size': 1}},1
43b17068-f6db-11ea-a4f0-9848275c1b15,1,{'a1': {'size': 1}},1
dag_id,name,data,stage_id
43afaf13-f6db-11ea-8b9a-9848275c1b15,2,{'a7': {'size': 31}},0
43afaf13-f6db-11ea-8b9a-9848275c1b15,2,{'a1': {'size': 1}},1
43afaf13-f6db-11ea-8b9a-9848275c1b15,2,{'d7': {'size': 23}},1
43afaf13-f6db-11ea-8b9a-9848275c1b15,2,{'d6': {'size': 28}},1
43afaf13-f6db-11ea-8b9a-9848275c1b15,2,"{'c7': {'size': 19}, 'd7': {'size': 50}}",1
dag_id,name,data,stage_id
43af910b-f6db-11ea-8a26-9848275c1b15,3,{'a6': {'size': 42}},0
43af910b-f6db-11ea-8a26-9848275c1b15,3,{'a7': {'size': 31}},0
43af910b-f6db-11ea-8a26-9848275c1b15,3,{'d7': {'size': 23}},1
43af910b-f6db-11ea-8a26-9848275c1b15,3,"{'c7': {'size': 19}, 'd7': {'size': 50}}",1
43af910b-f6db-11ea-8a26-9848275c1b15,3,{'a1': {'size': 1}},1
dag_id,name,data,stage_id
452f937c-f6de-11ea-a4f0-9848275c1b15,1,{'a6': {'size': 64}},0
452f937c-f6de-11ea-a4f0-9848275c1b15,1,{'d7': {'size': 23}},1
452f937c-f6de-11ea-a4f0-9848275c1b15,1,{'a6': {'size': 42}},0
452f937c-f6de-11ea-a4f0-9848275c1b15,1,"{'a6': {'size': 64}, 'b6': {'size': 25}}",0
452f937c-f6de-11ea-a4f0-9848275c1b15,1,{'a1': {'size': 1}},1
452f937c-f6de-11ea-a4f0-9848275c1b15,1,{'d7': {'size': 23}},1
dag_id,name,data,stage_id
452ddeb5-f6de-11ea-92d1-9848275c1b15,3,{'a7': {'size': 31}},0
452ddeb5-f6de-11ea-92d1-9848275c1b15,3,{'a6': {'size': 42}},0
452ddeb5-f6de-11ea-92d1-9848275c1b15,3,"{'a6': {'size': 64}, 'b6': {'size': 25}}",0
452ddeb5-f6de-11ea-92d1-9848275c1b15,3,{'a6': {'size': 64}},0
452ddeb5-f6de-11ea-92d1-9848275c1b15,3,{'d7': {'size': 23}},1
452ddeb5-f6de-11ea-92d1-9848275c1b15,3,{'a1': {'size': 1}},1
452ddeb5-f6de-11ea-92d1-9848275c1b15,3,{'d7': {'size': 23}},1
452ddeb5-f6de-11ea-92d1-9848275c1b15,3,{'a2': {'size': 81}},2
dag_id,name,data,stage_id
452c73cb-f6de-11ea-85c0-9848275c1b15,2,{'a6': {'size': 42}},0
452c73cb-f6de-11ea-85c0-9848275c1b15,2,"{'a6': {'size': 64}, 'b6': {'size': 25}}",0
452c73cb-f6de-11ea-85c0-9848275c1b15,2,{'a6': {'size': 64}},0
452c73cb-f6de-11ea-85c0-9848275c1b15,2,{'a7': {'size': 31}},0
452c73cb-f6de-11ea-85c0-9848275c1b15,2,{'a6': {'size': 42}},0
452c73cb-f6de-11ea-85c0-9848275c1b15,2,"{'a6': {'size': 64}, 'b6': {'size': 25}}",0
452c73cb-f6de-11ea-85c0-9848275c1b15,2,{'a2': {'size': 81}},2
452c73cb-f6de-11ea-85c0-9848275c1b15,2,{'d7': {'size': 23}},1
dag_id,name,data,stage_id
20bbbbca-f6e2-11ea-a4f0-9848275c1b15,1,{'a6': {'size': 64}},0
dag_id,name,data,stage_id
20b78def-f6e2-11ea-a265-9848275c1b15,2,{'a6': {'size': 42}},0
20b78def-f6e2-11ea-a265-9848275c1b15,2,{'a6': {'size': 64}},0
20b78def-f6e2-11ea-a265-9848275c1b15,2,{'a6': {'size': 64}},0
dag_id,name,data,stage_id
20b936dc-f6e2-11ea-a322-9848275c1b15,3,{'a6': {'size': 64}},0
dag_id,name,data,stage_id
91fca064-f6e3-11ea-a4f0-9848275c1b15,1,{'a6': {'size': 64}},0
91fca064-f6e3-11ea-a4f0-9848275c1b15,1,{'a7': {'size': 31}},0
91fca064-f6e3-11ea-a4f0-9848275c1b15,1,{'a1': {'size': 1}},1
91fca064-f6e3-11ea-a4f0-9848275c1b15,1,{'d7': {'size': 23}},1
91fca064-f6e3-11ea-a4f0-9848275c1b15,1,"{'c7': {'size': 19}, 'd7': {'size': 50}}",1
91fca064-f6e3-11ea-a4f0-9848275c1b15,1,{'a1': {'size': 1}},1
91fca064-f6e3-11ea-a4f0-9848275c1b15,1,{'d6': {'size': 28}},1
91fca064-f6e3-11ea-a4f0-9848275c1b15,1,{'a1': {'size': 1}},1
91fca064-f6e3-11ea-a4f0-9848275c1b15,1,{'a1': {'size': 1}},1
dag_id,name,data,stage_id
91f9585d-f6e3-11ea-b37f-9848275c1b15,2,{'a6': {'size': 64}},0
91f9585d-f6e3-11ea-b37f-9848275c1b15,2,{'a1': {'size': 1}},1
91f9585d-f6e3-11ea-b37f-9848275c1b15,2,{'a7': {'size': 31}},0
91f9585d-f6e3-11ea-b37f-9848275c1b15,2,{'a1': {'size': 1}},1
91f9585d-f6e3-11ea-b37f-9848275c1b15,2,{'d7': {'size': 23}},1
91f9585d-f6e3-11ea-b37f-9848275c1b15,2,"{'c7': {'size': 19}, 'd7': {'size': 50}}",1
91f9585d-f6e3-11ea-b37f-9848275c1b15,2,{'d6': {'size': 28}},1
dag_id,name,data,stage_id
91fa0522-f6e3-11ea-85ee-9848275c1b15,3,{'a6': {'size': 42}},0
91fa0522-f6e3-11ea-85ee-9848275c1b15,3,{'a6': {'size': 64}},0
91fa0522-f6e3-11ea-85ee-9848275c1b15,3,{'a7': {'size': 31}},0
91fa0522-f6e3-11ea-85ee-9848275c1b15,3,{'a1': {'size': 1}},1
dag_id,name,data,stage_id
782f3740-f6e4-11ea-a4f0-9848275c1b15,1,{'a6': {'size': 64}},0
782f3740-f6e4-11ea-a4f0-9848275c1b15,1,{'a7': {'size': 31}},0
782f3740-f6e4-11ea-a4f0-9848275c1b15,1,{'a1': {'size': 1}},1
782f3740-f6e4-11ea-a4f0-9848275c1b15,1,{'d7': {'size': 23}},1
782f3740-f6e4-11ea-a4f0-9848275c1b15,1,"{'c7': {'size': 19}, 'd7': {'size': 50}}",1
dag_id,name,data,stage_id
782ca4c9-f6e4-11ea-8596-9848275c1b15,2,{'a1': {'size': 1}},1
782ca4c9-f6e4-11ea-8596-9848275c1b15,2,{'a7': {'size': 31}},0
782ca4c9-f6e4-11ea-8596-9848275c1b15,2,{'d7': {'size': 23}},1
782ca4c9-f6e4-11ea-8596-9848275c1b15,2,"{'c7': {'size': 19}, 'd7': {'size': 50}}",1
dag_id,name,data,stage_id
782e12b9-f6e4-11ea-9bfb-9848275c1b15,3,{'a7': {'size': 31}},0
782e12b9-f6e4-11ea-9bfb-9848275c1b15,3,{'a6': {'size': 64}},0
782e12b9-f6e4-11ea-9bfb-9848275c1b15,3,{'a7': {'size': 31}},0
782e12b9-f6e4-11ea-9bfb-9848275c1b15,3,{'a1': {'size': 1}},1
782e12b9-f6e4-11ea-9bfb-9848275c1b15,3,{'d7': {'size': 23}},1
782e12b9-f6e4-11ea-9bfb-9848275c1b15,3,"{'c7': {'size': 19}, 'd7': {'size': 50}}",1
dag_id,name,data,stage_id
f3dc3ea6-f6e4-11ea-a4f0-9848275c1b15,1,{'a1': {'size': 1}},1
f3dc3ea6-f6e4-11ea-a4f0-9848275c1b15,1,{'d7': {'size': 23}},1
f3dc3ea6-f6e4-11ea-a4f0-9848275c1b15,1,"{'c7': {'size': 19}, 'd7': {'size': 50}}",1
f3dc3ea6-f6e4-11ea-a4f0-9848275c1b15,1,{'a1': {'size': 1}},1
f3dc3ea6-f6e4-11ea-a4f0-9848275c1b15,1,{'d7': {'size': 23}},1
f3dc3ea6-f6e4-11ea-a4f0-9848275c1b15,1,"{'c7': {'size': 19}, 'd7': {'size': 50}}",1
dag_id,name,data,stage_id
f3d84b69-f6e4-11ea-91ab-9848275c1b15,2,{'a1': {'size': 1}},1
f3d84b69-f6e4-11ea-91ab-9848275c1b15,2,{'a7': {'size': 31}},0
f3d84b69-f6e4-11ea-91ab-9848275c1b15,2,{'d7': {'size': 23}},1
f3d84b69-f6e4-11ea-91ab-9848275c1b15,2,"{'c7': {'size': 19}, 'd7': {'size': 50}}",1
dag_id,name,data,stage_id
f3d9d95b-f6e4-11ea-8b40-9848275c1b15,3,{'a7': {'size': 31}},0
f3d9d95b-f6e4-11ea-8b40-9848275c1b15,3,{'a6': {'size': 64}},0
f3d9d95b-f6e4-11ea-8b40-9848275c1b15,3,{'a7': {'size': 31}},0
f3d9d95b-f6e4-11ea-8b40-9848275c1b15,3,{'a1': {'size': 1}},1
f3d9d95b-f6e4-11ea-8b40-9848275c1b15,3,{'d7': {'size': 23}},1
f3d9d95b-f6e4-11ea-8b40-9848275c1b15,3,"{'c7': {'size': 19}, 'd7': {'size': 50}}",1






dag_id,name,data,stage_id
918f27c4-f750-11ea-a4f1-9848275c1b15,1,{'a6': {'size': 42}},0
dag_id,name,data,stage_id
9182067c-f750-11ea-a073-9848275c1b15,3,{'b1': {'size': 43}},0
9182067c-f750-11ea-a073-9848275c1b15,3,{'a1': {'size': 1}},1
dag_id,name,data,stage_id
91808750-f750-11ea-ac32-9848275c1b15,2,{'a7': {'size': 31}},0
91808750-f750-11ea-ac32-9848275c1b15,2,"{'a7': {'size': 64}, 'b7': {'size': 38}}",0
91808750-f750-11ea-ac32-9848275c1b15,2,{'d7': {'size': 23}},1
dag_id,name,data,stage_id
918a40d1-f750-11ea-860b-9848275c1b15,9,{'d0': {'size': 9}},1


dag_id,name,data,stage_id
918386e7-f750-11ea-9322-9848275c1b15,5,{'d3': {'size': 7}},1
dag_id,name,data,stage_id
9187cb95-f750-11ea-8738-9848275c1b15,8,{'a2': {'size': 81}},0
9187cb95-f750-11ea-8738-9848275c1b15,8,{'d2': {'size': 55}},3
dag_id,name,data,stage_id
918aca90-f750-11ea-868a-9848275c1b15,7,{'e5': {'size': 62}},2
918aca90-f750-11ea-868a-9848275c1b15,7,{'f5': {'size': 128}},3
dag_id,name,data,stage_id
918536bd-f750-11ea-a49e-9848275c1b15,6,{'d8': {'size': 35}},3
dag_id,name,data,stage_id
57881c8d-f752-11ea-8072-9848275c1b15,3,{'a6': {'size': 42}},0
57881c8d-f752-11ea-8072-9848275c1b15,3,{'a7': {'size': 31}},0
57881c8d-f752-11ea-8072-9848275c1b15,3,"{'a7': {'size': 64}, 'b7': {'size': 38}}",0
57881c8d-f752-11ea-8072-9848275c1b15,3,{'d0': {'size': 9}},1
57881c8d-f752-11ea-8072-9848275c1b15,3,{'a2': {'size': 81}},0
57881c8d-f752-11ea-8072-9848275c1b15,3,{'b1': {'size': 43}},0
57881c8d-f752-11ea-8072-9848275c1b15,3,{'d7': {'size': 23}},1
57881c8d-f752-11ea-8072-9848275c1b15,3,{'d3': {'size': 7}},1
57881c8d-f752-11ea-8072-9848275c1b15,3,{'a1': {'size': 1}},1
57881c8d-f752-11ea-8072-9848275c1b15,3,{'d0': {'size': 9}},1
57881c8d-f752-11ea-8072-9848275c1b15,3,{'d3': {'size': 7}},1
57881c8d-f752-11ea-8072-9848275c1b15,3,{'e5': {'size': 62}},2
57881c8d-f752-11ea-8072-9848275c1b15,3,{'d0': {'size': 9}},1
57881c8d-f752-11ea-8072-9848275c1b15,3,{'d3': {'size': 7}},1
57881c8d-f752-11ea-8072-9848275c1b15,3,{'e5': {'size': 62}},2
57881c8d-f752-11ea-8072-9848275c1b15,3,{'e5': {'size': 62}},2
dag_id,name,data,stage_id
57994872-f752-11ea-a4f1-9848275c1b15,1,{'a7': {'size': 31}},0
57994872-f752-11ea-a4f1-9848275c1b15,1,"{'a7': {'size': 64}, 'b7': {'size': 38}}",0
57994872-f752-11ea-a4f1-9848275c1b15,1,{'d0': {'size': 9}},1
57994872-f752-11ea-a4f1-9848275c1b15,1,{'a2': {'size': 81}},0
57994872-f752-11ea-a4f1-9848275c1b15,1,{'b1': {'size': 43}},0
57994872-f752-11ea-a4f1-9848275c1b15,1,{'d7': {'size': 23}},1
57994872-f752-11ea-a4f1-9848275c1b15,1,{'d3': {'size': 7}},1
57994872-f752-11ea-a4f1-9848275c1b15,1,{'e5': {'size': 62}},2
57994872-f752-11ea-a4f1-9848275c1b15,1,{'d0': {'size': 9}},1
57994872-f752-11ea-a4f1-9848275c1b15,1,{'d3': {'size': 7}},1
57994872-f752-11ea-a4f1-9848275c1b15,1,{'e5': {'size': 62}},2
57994872-f752-11ea-a4f1-9848275c1b15,1,{'e5': {'size': 62}},2
dag_id,name,data,stage_id
57877741-f752-11ea-822f-9848275c1b15,2,{'a2': {'size': 81}},0
57877741-f752-11ea-822f-9848275c1b15,2,{'d3': {'size': 7}},1
57877741-f752-11ea-822f-9848275c1b15,2,{'b1': {'size': 43}},0
57877741-f752-11ea-822f-9848275c1b15,2,{'a8': {'size': 164}},0
57877741-f752-11ea-822f-9848275c1b15,2,{'a7': {'size': 31}},0
57877741-f752-11ea-822f-9848275c1b15,2,"{'a7': {'size': 64}, 'b7': {'size': 38}}",0
57877741-f752-11ea-822f-9848275c1b15,2,{'a1': {'size': 1}},1
57877741-f752-11ea-822f-9848275c1b15,2,{'d7': {'size': 23}},1
57877741-f752-11ea-822f-9848275c1b15,2,{'d0': {'size': 9}},1
57877741-f752-11ea-822f-9848275c1b15,2,{'d3': {'size': 7}},1
57877741-f752-11ea-822f-9848275c1b15,2,{'e5': {'size': 62}},2
57877741-f752-11ea-822f-9848275c1b15,2,{'e5': {'size': 62}},2
dag_id,name,data,stage_id
5793c82b-f752-11ea-a5d9-9848275c1b15,9,{'a7': {'size': 31}},0
5793c82b-f752-11ea-a5d9-9848275c1b15,9,"{'a7': {'size': 64}, 'b7': {'size': 38}}",0
5793c82b-f752-11ea-a5d9-9848275c1b15,9,{'d7': {'size': 23}},1
5793c82b-f752-11ea-a5d9-9848275c1b15,9,{'a2': {'size': 81}},0
5793c82b-f752-11ea-a5d9-9848275c1b15,9,{'b1': {'size': 43}},0
5793c82b-f752-11ea-a5d9-9848275c1b15,9,{'d3': {'size': 7}},1
5793c82b-f752-11ea-a5d9-9848275c1b15,9,{'a8': {'size': 164}},0
5793c82b-f752-11ea-a5d9-9848275c1b15,9,{'e5': {'size': 62}},2
5793c82b-f752-11ea-a5d9-9848275c1b15,9,{'d0': {'size': 9}},1
5793c82b-f752-11ea-a5d9-9848275c1b15,9,{'d3': {'size': 7}},1
5793c82b-f752-11ea-a5d9-9848275c1b15,9,{'e5': {'size': 62}},2
5793c82b-f752-11ea-a5d9-9848275c1b15,9,{'d3': {'size': 7}},1
5793c82b-f752-11ea-a5d9-9848275c1b15,9,{'e5': {'size': 62}},2
5793c82b-f752-11ea-a5d9-9848275c1b15,9,{'e5': {'size': 62}},2
dag_id,name,data,stage_id
5788d092-f752-11ea-9a85-9848275c1b15,4,{'a7': {'size': 31}},0
5788d092-f752-11ea-9a85-9848275c1b15,4,"{'a7': {'size': 64}, 'b7': {'size': 38}}",0
5788d092-f752-11ea-9a85-9848275c1b15,4,{'d7': {'size': 23}},1
5788d092-f752-11ea-9a85-9848275c1b15,4,{'a2': {'size': 81}},0
5788d092-f752-11ea-9a85-9848275c1b15,4,{'b1': {'size': 43}},0
5788d092-f752-11ea-9a85-9848275c1b15,4,{'d3': {'size': 7}},1
5788d092-f752-11ea-9a85-9848275c1b15,4,{'a8': {'size': 164}},0
5788d092-f752-11ea-9a85-9848275c1b15,4,{'e5': {'size': 62}},2
5788d092-f752-11ea-9a85-9848275c1b15,4,{'d3': {'size': 7}},1
5788d092-f752-11ea-9a85-9848275c1b15,4,{'e5': {'size': 62}},2
5788d092-f752-11ea-9a85-9848275c1b15,4,{'e5': {'size': 62}},2
dag_id,name,data,stage_id
57962fbf-f752-11ea-9c4a-9848275c1b15,10,{'a7': {'size': 31}},0
57962fbf-f752-11ea-9c4a-9848275c1b15,10,"{'a7': {'size': 64}, 'b7': {'size': 38}}",0
57962fbf-f752-11ea-9c4a-9848275c1b15,10,{'d7': {'size': 23}},1
57962fbf-f752-11ea-9c4a-9848275c1b15,10,{'a2': {'size': 81}},0
57962fbf-f752-11ea-9c4a-9848275c1b15,10,{'d3': {'size': 7}},1
57962fbf-f752-11ea-9c4a-9848275c1b15,10,{'b1': {'size': 43}},0
57962fbf-f752-11ea-9c4a-9848275c1b15,10,{'a8': {'size': 164}},0
dag_id,name,data,stage_id
578a7577-f752-11ea-97a1-9848275c1b15,5,{'a2': {'size': 81}},0
578a7577-f752-11ea-97a1-9848275c1b15,5,{'b1': {'size': 43}},0
578a7577-f752-11ea-97a1-9848275c1b15,5,{'a8': {'size': 164}},0
578a7577-f752-11ea-97a1-9848275c1b15,5,{'a7': {'size': 31}},0
578a7577-f752-11ea-97a1-9848275c1b15,5,"{'a7': {'size': 64}, 'b7': {'size': 38}}",0
578a7577-f752-11ea-97a1-9848275c1b15,5,{'e5': {'size': 62}},2
578a7577-f752-11ea-97a1-9848275c1b15,5,{'d3': {'size': 7}},1
578a7577-f752-11ea-97a1-9848275c1b15,5,{'d2': {'size': 55}},3
578a7577-f752-11ea-97a1-9848275c1b15,5,{'d8': {'size': 35}},3
578a7577-f752-11ea-97a1-9848275c1b15,5,{'d2': {'size': 55}},3
578a7577-f752-11ea-97a1-9848275c1b15,5,{'d8': {'size': 35}},3
dag_id,name,data,stage_id
5790f7a5-f752-11ea-8bdf-9848275c1b15,8,{'b1': {'size': 43}},0
5790f7a5-f752-11ea-8bdf-9848275c1b15,8,{'a8': {'size': 164}},0
5790f7a5-f752-11ea-8bdf-9848275c1b15,8,{'a7': {'size': 31}},0
5790f7a5-f752-11ea-8bdf-9848275c1b15,8,"{'a7': {'size': 64}, 'b7': {'size': 38}}",0
5790f7a5-f752-11ea-8bdf-9848275c1b15,8,{'a1': {'size': 1}},1
5790f7a5-f752-11ea-8bdf-9848275c1b15,8,{'a2': {'size': 81}},0
5790f7a5-f752-11ea-8bdf-9848275c1b15,8,{'d0': {'size': 9}},1
5790f7a5-f752-11ea-8bdf-9848275c1b15,8,{'d7': {'size': 23}},1
5790f7a5-f752-11ea-8bdf-9848275c1b15,8,{'d3': {'size': 7}},1
5790f7a5-f752-11ea-8bdf-9848275c1b15,8,{'e5': {'size': 62}},2
5790f7a5-f752-11ea-8bdf-9848275c1b15,8,{'d0': {'size': 9}},1
5790f7a5-f752-11ea-8bdf-9848275c1b15,8,{'d3': {'size': 7}},1
5790f7a5-f752-11ea-8bdf-9848275c1b15,8,{'e5': {'size': 62}},2
5790f7a5-f752-11ea-8bdf-9848275c1b15,8,{'d2': {'size': 55}},3
dag_id,name,data,stage_id
578dbe9e-f752-11ea-b5d6-9848275c1b15,6,{'b1': {'size': 43}},0
578dbe9e-f752-11ea-b5d6-9848275c1b15,6,{'a7': {'size': 31}},0
578dbe9e-f752-11ea-b5d6-9848275c1b15,6,"{'a7': {'size': 64}, 'b7': {'size': 38}}",0
578dbe9e-f752-11ea-b5d6-9848275c1b15,6,{'d0': {'size': 9}},1
578dbe9e-f752-11ea-b5d6-9848275c1b15,6,{'a2': {'size': 81}},0
578dbe9e-f752-11ea-b5d6-9848275c1b15,6,{'d7': {'size': 23}},1
578dbe9e-f752-11ea-b5d6-9848275c1b15,6,{'b1': {'size': 43}},0
578dbe9e-f752-11ea-b5d6-9848275c1b15,6,{'d3': {'size': 7}},1
578dbe9e-f752-11ea-b5d6-9848275c1b15,6,{'a8': {'size': 164}},0
578dbe9e-f752-11ea-b5d6-9848275c1b15,6,{'e5': {'size': 62}},2
578dbe9e-f752-11ea-b5d6-9848275c1b15,6,{'d3': {'size': 7}},1
578dbe9e-f752-11ea-b5d6-9848275c1b15,6,{'d2': {'size': 55}},3
578dbe9e-f752-11ea-b5d6-9848275c1b15,6,{'e5': {'size': 62}},2
578dbe9e-f752-11ea-b5d6-9848275c1b15,6,{'d2': {'size': 55}},3
578dbe9e-f752-11ea-b5d6-9848275c1b15,6,{'d8': {'size': 35}},3
dag_id,name,data,stage_id
5791a5a8-f752-11ea-bd09-9848275c1b15,7,{'a2': {'size': 81}},0
5791a5a8-f752-11ea-bd09-9848275c1b15,7,{'b1': {'size': 43}},0
5791a5a8-f752-11ea-bd09-9848275c1b15,7,{'a8': {'size': 164}},0
5791a5a8-f752-11ea-bd09-9848275c1b15,7,{'a7': {'size': 31}},0
5791a5a8-f752-11ea-bd09-9848275c1b15,7,"{'a7': {'size': 64}, 'b7': {'size': 38}}",0
5791a5a8-f752-11ea-bd09-9848275c1b15,7,{'a1': {'size': 1}},1
5791a5a8-f752-11ea-bd09-9848275c1b15,7,{'d0': {'size': 9}},1
5791a5a8-f752-11ea-bd09-9848275c1b15,7,{'d7': {'size': 23}},1
5791a5a8-f752-11ea-bd09-9848275c1b15,7,{'d3': {'size': 7}},1
5791a5a8-f752-11ea-bd09-9848275c1b15,7,{'d0': {'size': 9}},1
5791a5a8-f752-11ea-bd09-9848275c1b15,7,{'d3': {'size': 7}},1
5791a5a8-f752-11ea-bd09-9848275c1b15,7,{'d8': {'size': 35}},3
5791a5a8-f752-11ea-bd09-9848275c1b15,7,{'d2': {'size': 55}},3
5791a5a8-f752-11ea-bd09-9848275c1b15,7,{'e5': {'size': 62}},2
dag_id,name,data,stage_id
c900ade8-f755-11ea-b04e-9848275c1b15,10,{'a3': {'size': 61}},0
c900ade8-f755-11ea-b04e-9848275c1b15,10,{'a1': {'size': 1}},1
c900ade8-f755-11ea-b04e-9848275c1b15,10,{'d3': {'size': 7}},1
c900ade8-f755-11ea-b04e-9848275c1b15,10,{'b1': {'size': 38}},0
c900ade8-f755-11ea-b04e-9848275c1b15,10,"{'a1': {'size': 1}, 'b1': {'size': 43}}",0
dag_id,name,data,stage_id
c9017c34-f755-11ea-a4f1-9848275c1b15,1,{'a1': {'size': 1}},1
c9017c34-f755-11ea-a4f1-9848275c1b15,1,{'a2': {'size': 81}},0
c9017c34-f755-11ea-a4f1-9848275c1b15,1,{'b1': {'size': 38}},0
c9017c34-f755-11ea-a4f1-9848275c1b15,1,"{'a1': {'size': 1}, 'b1': {'size': 43}}",0
c9017c34-f755-11ea-a4f1-9848275c1b15,1,{'e5': {'size': 62}},2
c9017c34-f755-11ea-a4f1-9848275c1b15,1,{'d3': {'size': 7}},1
c9017c34-f755-11ea-a4f1-9848275c1b15,1,{'e5': {'size': 62}},2
c9017c34-f755-11ea-a4f1-9848275c1b15,1,{'e5': {'size': 62}},2
dag_id,name,data,stage_id
c8f8f795-f755-11ea-9b3e-9848275c1b15,3,{'a2': {'size': 81}},0
c8f8f795-f755-11ea-9b3e-9848275c1b15,3,{'b1': {'size': 38}},0
c8f8f795-f755-11ea-9b3e-9848275c1b15,3,"{'a1': {'size': 1}, 'b1': {'size': 43}}",0
c8f8f795-f755-11ea-9b3e-9848275c1b15,3,{'a1': {'size': 1}},1
c8f8f795-f755-11ea-9b3e-9848275c1b15,3,{'d3': {'size': 7}},1
c8f8f795-f755-11ea-9b3e-9848275c1b15,3,{'e5': {'size': 62}},2
c8f8f795-f755-11ea-9b3e-9848275c1b15,3,{'d3': {'size': 7}},1
c8f8f795-f755-11ea-9b3e-9848275c1b15,3,{'e5': {'size': 62}},2
c8f8f795-f755-11ea-9b3e-9848275c1b15,3,{'e5': {'size': 62}},2
dag_id,name,data,stage_id
c9000fec-f755-11ea-80fc-9848275c1b15,9,{'a1': {'size': 1}},1
c9000fec-f755-11ea-80fc-9848275c1b15,9,{'a2': {'size': 81}},0
c9000fec-f755-11ea-80fc-9848275c1b15,9,{'b1': {'size': 38}},0
c9000fec-f755-11ea-80fc-9848275c1b15,9,"{'a1': {'size': 1}, 'b1': {'size': 43}}",0
c9000fec-f755-11ea-80fc-9848275c1b15,9,{'e5': {'size': 62}},2
c9000fec-f755-11ea-80fc-9848275c1b15,9,{'d3': {'size': 7}},1
c9000fec-f755-11ea-80fc-9848275c1b15,9,{'e5': {'size': 62}},2
c9000fec-f755-11ea-80fc-9848275c1b15,9,{'d3': {'size': 7}},1
c9000fec-f755-11ea-80fc-9848275c1b15,9,{'e5': {'size': 62}},2
c9000fec-f755-11ea-80fc-9848275c1b15,9,{'e5': {'size': 62}},2
dag_id,name,data,stage_id
c8f9a125-f755-11ea-b6b8-9848275c1b15,4,{'a1': {'size': 1}},1
c8f9a125-f755-11ea-b6b8-9848275c1b15,4,{'a2': {'size': 81}},0
c8f9a125-f755-11ea-b6b8-9848275c1b15,4,{'b1': {'size': 38}},0
c8f9a125-f755-11ea-b6b8-9848275c1b15,4,"{'a1': {'size': 1}, 'b1': {'size': 43}}",0
c8f9a125-f755-11ea-b6b8-9848275c1b15,4,{'e5': {'size': 62}},2
c8f9a125-f755-11ea-b6b8-9848275c1b15,4,{'d3': {'size': 7}},1
c8f9a125-f755-11ea-b6b8-9848275c1b15,4,{'e5': {'size': 62}},2
c8f9a125-f755-11ea-b6b8-9848275c1b15,4,{'e5': {'size': 62}},2
dag_id,name,data,stage_id
c8f77532-f755-11ea-8dc6-9848275c1b15,2,{'a1': {'size': 1}},1
c8f77532-f755-11ea-8dc6-9848275c1b15,2,{'a2': {'size': 81}},0
c8f77532-f755-11ea-8dc6-9848275c1b15,2,{'b1': {'size': 38}},0
c8f77532-f755-11ea-8dc6-9848275c1b15,2,"{'a1': {'size': 1}, 'b1': {'size': 43}}",0
c8f77532-f755-11ea-8dc6-9848275c1b15,2,{'a1': {'size': 1}},1
c8f77532-f755-11ea-8dc6-9848275c1b15,2,{'d3': {'size': 7}},1
c8f77532-f755-11ea-8dc6-9848275c1b15,2,{'e5': {'size': 62}},2
c8f77532-f755-11ea-8dc6-9848275c1b15,2,{'e5': {'size': 62}},2
dag_id,name,data,stage_id
c8fa5ecb-f755-11ea-a351-9848275c1b15,5,{'a6': {'size': 42}},0
c8fa5ecb-f755-11ea-a351-9848275c1b15,5,{'a1': {'size': 1}},1
c8fa5ecb-f755-11ea-a351-9848275c1b15,5,{'b1': {'size': 38}},0
c8fa5ecb-f755-11ea-a351-9848275c1b15,5,"{'a1': {'size': 1}, 'b1': {'size': 43}}",0
c8fa5ecb-f755-11ea-a351-9848275c1b15,5,{'e5': {'size': 62}},2
c8fa5ecb-f755-11ea-a351-9848275c1b15,5,{'d3': {'size': 7}},1
c8fa5ecb-f755-11ea-a351-9848275c1b15,5,{'d2': {'size': 55}},3
c8fa5ecb-f755-11ea-a351-9848275c1b15,5,{'d8': {'size': 35}},3
c8fa5ecb-f755-11ea-a351-9848275c1b15,5,{'d2': {'size': 55}},3
c8fa5ecb-f755-11ea-a351-9848275c1b15,5,{'d8': {'size': 35}},3
dag_id,name,data,stage_id
c8ffca57-f755-11ea-a9a6-9848275c1b15,8,{'b1': {'size': 38}},0
c8ffca57-f755-11ea-a9a6-9848275c1b15,8,"{'a1': {'size': 1}, 'b1': {'size': 43}}",0
c8ffca57-f755-11ea-a9a6-9848275c1b15,8,{'a1': {'size': 1}},1
c8ffca57-f755-11ea-a9a6-9848275c1b15,8,{'a2': {'size': 81}},0
c8ffca57-f755-11ea-a9a6-9848275c1b15,8,{'b1': {'size': 38}},0
c8ffca57-f755-11ea-a9a6-9848275c1b15,8,"{'a1': {'size': 1}, 'b1': {'size': 43}}",0
c8ffca57-f755-11ea-a9a6-9848275c1b15,8,{'e5': {'size': 62}},2
c8ffca57-f755-11ea-a9a6-9848275c1b15,8,{'d3': {'size': 7}},1
c8ffca57-f755-11ea-a9a6-9848275c1b15,8,{'e5': {'size': 62}},2
c8ffca57-f755-11ea-a9a6-9848275c1b15,8,{'d2': {'size': 55}},3
c8ffca57-f755-11ea-a9a6-9848275c1b15,8,{'d8': {'size': 35}},3
c8ffca57-f755-11ea-a9a6-9848275c1b15,8,{'d8': {'size': 35}},3
c8ffca57-f755-11ea-a9a6-9848275c1b15,8,{'d8': {'size': 35}},3
dag_id,name,data,stage_id
c8fbddca-f755-11ea-af80-9848275c1b15,7,{'a2': {'size': 81}},0
c8fbddca-f755-11ea-af80-9848275c1b15,7,{'b1': {'size': 38}},0
c8fbddca-f755-11ea-af80-9848275c1b15,7,"{'a1': {'size': 1}, 'b1': {'size': 43}}",0
c8fbddca-f755-11ea-af80-9848275c1b15,7,{'a1': {'size': 1}},1
c8fbddca-f755-11ea-af80-9848275c1b15,7,{'d3': {'size': 7}},1
c8fbddca-f755-11ea-af80-9848275c1b15,7,{'d3': {'size': 7}},1
c8fbddca-f755-11ea-af80-9848275c1b15,7,{'d8': {'size': 35}},3
c8fbddca-f755-11ea-af80-9848275c1b15,7,{'d2': {'size': 55}},3
c8fbddca-f755-11ea-af80-9848275c1b15,7,{'e5': {'size': 62}},2
dag_id,name,data,stage_id
c8fb0e00-f755-11ea-bb43-9848275c1b15,6,{'a1': {'size': 1}},1
c8fb0e00-f755-11ea-bb43-9848275c1b15,6,{'a2': {'size': 81}},0
c8fb0e00-f755-11ea-bb43-9848275c1b15,6,{'b1': {'size': 38}},0
c8fb0e00-f755-11ea-bb43-9848275c1b15,6,"{'a1': {'size': 1}, 'b1': {'size': 43}}",0
c8fb0e00-f755-11ea-bb43-9848275c1b15,6,{'e5': {'size': 62}},2
c8fb0e00-f755-11ea-bb43-9848275c1b15,6,{'d3': {'size': 7}},1
c8fb0e00-f755-11ea-bb43-9848275c1b15,6,{'d2': {'size': 55}},3
c8fb0e00-f755-11ea-bb43-9848275c1b15,6,{'e5': {'size': 62}},2
c8fb0e00-f755-11ea-bb43-9848275c1b15,6,{'d8': {'size': 35}},3
dag_id,name,data,stage_id
b548482c-f756-11ea-8659-9848275c1b15,3,{'b1': {'size': 43}},0
b548482c-f756-11ea-8659-9848275c1b15,3,{'a1': {'size': 1}},1
dag_id,name,data,stage_id
b54d6aeb-f756-11ea-ac87-9848275c1b15,10,{'b1': {'size': 38}},0
b54d6aeb-f756-11ea-ac87-9848275c1b15,10,"{'a1': {'size': 1}, 'b1': {'size': 43}}",0
dag_id,name,data,stage_id
b552e370-f756-11ea-a4f2-9848275c1b15,1,{'a6': {'size': 42}},0
dag_id,name,data,stage_id
b54606c0-f756-11ea-a88b-9848275c1b15,2,{'a7': {'size': 31}},0
b54606c0-f756-11ea-a88b-9848275c1b15,2,"{'a7': {'size': 64}, 'b7': {'size': 38}}",0
b54606c0-f756-11ea-a88b-9848275c1b15,2,{'d7': {'size': 23}},1
dag_id,name,data,stage_id
b54db484-f756-11ea-8b19-9848275c1b15,9,{'d0': {'size': 9}},1

dag_id,name,data,stage_id
b548ef6b-f756-11ea-8867-9848275c1b15,5,{'d3': {'size': 7}},1
dag_id,name,data,stage_id
b54b3977-f756-11ea-a084-9848275c1b15,8,{'a2': {'size': 81}},0
b54b3977-f756-11ea-a084-9848275c1b15,8,{'d2': {'size': 55}},3
dag_id,name,data,stage_id
b549a41c-f756-11ea-876d-9848275c1b15,6,{'a8': {'size': 164}},0
b549a41c-f756-11ea-876d-9848275c1b15,6,{'d8': {'size': 35}},3
dag_id,name,data,stage_id
b54d7dae-f756-11ea-900d-9848275c1b15,7,{'e5': {'size': 62}},2
dag_id,name,data,stage_id
f5f7bc90-f75b-11ea-bd6f-9848275c1b15,1,{'a6': {'size': 42}},0
dag_id,name,data,stage_id
f604c190-f75b-11ea-a4f2-9848275c1b15,2,{'a7': {'size': 31}},0
f604c190-f75b-11ea-a4f2-9848275c1b15,2,"{'a7': {'size': 64}, 'b7': {'size': 38}}",0
f604c190-f75b-11ea-a4f2-9848275c1b15,2,{'d7': {'size': 23}},1
dag_id,name,data,stage_id
f6033a99-f75b-11ea-be49-9848275c1b15,9,{'d0': {'size': 9}},1

dag_id,name,data,stage_id
f5fc5190-f75b-11ea-8e69-9848275c1b15,5,{'a8': {'size': 55}},0
f5fc5190-f75b-11ea-8e69-9848275c1b15,5,"{'a8': {'size': 164}, 'b8': {'size': 144}}",0

dag_id,name,data,stage_id
f5f7615b-f75b-11ea-98fa-9848275c1b15,3,{'b8': {'size': 150}},0
dag_id,name,data,stage_id
f5feaa59-f75b-11ea-9680-9848275c1b15,8,{'a8': {'size': 164}},0
f5feaa59-f75b-11ea-9680-9848275c1b15,8,{'d8': {'size': 35}},3
dag_id,name,data,stage_id
f5fc594b-f75b-11ea-aedd-9848275c1b15,6,{'a8': {'size': 164}},0
f5fc594b-f75b-11ea-aedd-9848275c1b15,6,{'d8': {'size': 35}},3
dag_id,name,data,stage_id
f5fd1f26-f75b-11ea-88f3-9848275c1b15,7,{'e5': {'size': 62}},2
f5fd1f26-f75b-11ea-88f3-9848275c1b15,7,{'f5': {'size': 128}},3
dag_id,name,data,stage_id
0b7a29aa-f75e-11ea-a4f2-9848275c1b15,1,{'a8': {'size': 55}},0
0b7a29aa-f75e-11ea-a4f2-9848275c1b15,1,{'a7': {'size': 31}},0
0b7a29aa-f75e-11ea-a4f2-9848275c1b15,1,"{'a7': {'size': 64}, 'b7': {'size': 38}}",0
0b7a29aa-f75e-11ea-a4f2-9848275c1b15,1,{'a8': {'size': 164}},0
0b7a29aa-f75e-11ea-a4f2-9848275c1b15,1,{'d7': {'size': 23}},1
0b7a29aa-f75e-11ea-a4f2-9848275c1b15,1,{'a8': {'size': 164}},0
0b7a29aa-f75e-11ea-a4f2-9848275c1b15,1,{'d0': {'size': 9}},1
0b7a29aa-f75e-11ea-a4f2-9848275c1b15,1,{'b8': {'size': 150}},0
0b7a29aa-f75e-11ea-a4f2-9848275c1b15,1,{'a6': {'size': 42}},0
0b7a29aa-f75e-11ea-a4f2-9848275c1b15,1,{'d0': {'size': 9}},1
0b7a29aa-f75e-11ea-a4f2-9848275c1b15,1,{'d8': {'size': 35}},3
0b7a29aa-f75e-11ea-a4f2-9848275c1b15,1,{'d8': {'size': 35}},3
dag_id,name,data,stage_id
0b6e6aa6-f75e-11ea-bdf8-9848275c1b15,2,{'a8': {'size': 164}},0
0b6e6aa6-f75e-11ea-bdf8-9848275c1b15,2,{'d0': {'size': 9}},1
0b6e6aa6-f75e-11ea-bdf8-9848275c1b15,2,{'a8': {'size': 164}},0
0b6e6aa6-f75e-11ea-bdf8-9848275c1b15,2,{'b8': {'size': 150}},0
0b6e6aa6-f75e-11ea-bdf8-9848275c1b15,2,{'a8': {'size': 55}},0
0b6e6aa6-f75e-11ea-bdf8-9848275c1b15,2,{'a6': {'size': 42}},0
0b6e6aa6-f75e-11ea-bdf8-9848275c1b15,2,{'a7': {'size': 31}},0
0b6e6aa6-f75e-11ea-bdf8-9848275c1b15,2,"{'a7': {'size': 64}, 'b7': {'size': 38}}",0
0b6e6aa6-f75e-11ea-bdf8-9848275c1b15,2,{'d7': {'size': 23}},1
0b6e6aa6-f75e-11ea-bdf8-9848275c1b15,2,{'d0': {'size': 9}},1
0b6e6aa6-f75e-11ea-bdf8-9848275c1b15,2,{'d8': {'size': 35}},3
0b6e6aa6-f75e-11ea-bdf8-9848275c1b15,2,{'d8': {'size': 35}},3
dag_id,name,data,stage_id
0b78a198-f75e-11ea-b792-9848275c1b15,9,{'a8': {'size': 164}},0
0b78a198-f75e-11ea-b792-9848275c1b15,9,{'a8': {'size': 164}},0
0b78a198-f75e-11ea-b792-9848275c1b15,9,{'b8': {'size': 150}},0
0b78a198-f75e-11ea-b792-9848275c1b15,9,{'a8': {'size': 55}},0
0b78a198-f75e-11ea-b792-9848275c1b15,9,{'a6': {'size': 42}},0
0b78a198-f75e-11ea-b792-9848275c1b15,9,{'a7': {'size': 31}},0
0b78a198-f75e-11ea-b792-9848275c1b15,9,"{'a7': {'size': 64}, 'b7': {'size': 38}}",0
0b78a198-f75e-11ea-b792-9848275c1b15,9,{'d0': {'size': 9}},1
0b78a198-f75e-11ea-b792-9848275c1b15,9,{'d8': {'size': 35}},3
0b78a198-f75e-11ea-b792-9848275c1b15,9,{'d8': {'size': 35}},3
0b78a198-f75e-11ea-b792-9848275c1b15,9,{'d8': {'size': 35}},3
dag_id,name,data,stage_id
0b707ea5-f75e-11ea-9b93-9848275c1b15,4,{'a8': {'size': 55}},0
0b707ea5-f75e-11ea-9b93-9848275c1b15,4,{'a7': {'size': 31}},0
0b707ea5-f75e-11ea-9b93-9848275c1b15,4,"{'a7': {'size': 64}, 'b7': {'size': 38}}",0
0b707ea5-f75e-11ea-9b93-9848275c1b15,4,{'a8': {'size': 164}},0
0b707ea5-f75e-11ea-9b93-9848275c1b15,4,{'d7': {'size': 23}},1
0b707ea5-f75e-11ea-9b93-9848275c1b15,4,{'a8': {'size': 164}},0
0b707ea5-f75e-11ea-9b93-9848275c1b15,4,{'d0': {'size': 9}},1
0b707ea5-f75e-11ea-9b93-9848275c1b15,4,{'b8': {'size': 150}},0
0b707ea5-f75e-11ea-9b93-9848275c1b15,4,{'a8': {'size': 55}},0
0b707ea5-f75e-11ea-9b93-9848275c1b15,4,{'a6': {'size': 42}},0
0b707ea5-f75e-11ea-9b93-9848275c1b15,4,{'d8': {'size': 35}},3
0b707ea5-f75e-11ea-9b93-9848275c1b15,4,{'d8': {'size': 35}},3
0b707ea5-f75e-11ea-9b93-9848275c1b15,4,{'d8': {'size': 35}},3
0b707ea5-f75e-11ea-9b93-9848275c1b15,4,{'d8': {'size': 35}},3
dag_id,name,data,stage_id
0b714b57-f75e-11ea-9ca4-9848275c1b15,5,{'a7': {'size': 31}},0
0b714b57-f75e-11ea-9ca4-9848275c1b15,5,"{'a7': {'size': 64}, 'b7': {'size': 38}}",0
0b714b57-f75e-11ea-9ca4-9848275c1b15,5,{'a8': {'size': 164}},0
0b714b57-f75e-11ea-9ca4-9848275c1b15,5,{'d7': {'size': 23}},1
0b714b57-f75e-11ea-9ca4-9848275c1b15,5,{'a8': {'size': 164}},0
0b714b57-f75e-11ea-9ca4-9848275c1b15,5,{'d0': {'size': 9}},1
0b714b57-f75e-11ea-9ca4-9848275c1b15,5,{'b8': {'size': 150}},0
0b714b57-f75e-11ea-9ca4-9848275c1b15,5,{'a8': {'size': 55}},0
0b714b57-f75e-11ea-9ca4-9848275c1b15,5,{'a6': {'size': 42}},0
0b714b57-f75e-11ea-9ca4-9848275c1b15,5,{'d0': {'size': 9}},1
0b714b57-f75e-11ea-9ca4-9848275c1b15,5,{'d8': {'size': 35}},3
0b714b57-f75e-11ea-9ca4-9848275c1b15,5,{'d8': {'size': 35}},3
0b714b57-f75e-11ea-9ca4-9848275c1b15,5,{'d8': {'size': 35}},3
0b714b57-f75e-11ea-9ca4-9848275c1b15,5,{'d8': {'size': 35}},3
dag_id,name,data,stage_id
0b79c23a-f75e-11ea-b02d-9848275c1b15,10,{'a8': {'size': 164}},0
0b79c23a-f75e-11ea-b02d-9848275c1b15,10,{'b8': {'size': 150}},0
0b79c23a-f75e-11ea-b02d-9848275c1b15,10,{'a8': {'size': 55}},0
0b79c23a-f75e-11ea-b02d-9848275c1b15,10,{'a6': {'size': 42}},0
0b79c23a-f75e-11ea-b02d-9848275c1b15,10,{'a7': {'size': 31}},0
0b79c23a-f75e-11ea-b02d-9848275c1b15,10,"{'a7': {'size': 64}, 'b7': {'size': 38}}",0
0b79c23a-f75e-11ea-b02d-9848275c1b15,10,{'d7': {'size': 23}},1
0b79c23a-f75e-11ea-b02d-9848275c1b15,10,{'d0': {'size': 9}},1
dag_id,name,data,stage_id
0b7094b4-f75e-11ea-91ea-9848275c1b15,3,{'a6': {'size': 42}},0
0b7094b4-f75e-11ea-91ea-9848275c1b15,3,{'a8': {'size': 55}},0
0b7094b4-f75e-11ea-91ea-9848275c1b15,3,{'a7': {'size': 31}},0
0b7094b4-f75e-11ea-91ea-9848275c1b15,3,"{'a7': {'size': 64}, 'b7': {'size': 38}}",0
0b7094b4-f75e-11ea-91ea-9848275c1b15,3,{'a8': {'size': 164}},0
0b7094b4-f75e-11ea-91ea-9848275c1b15,3,{'d7': {'size': 23}},1
0b7094b4-f75e-11ea-91ea-9848275c1b15,3,{'a8': {'size': 164}},0
0b7094b4-f75e-11ea-91ea-9848275c1b15,3,{'b8': {'size': 150}},0
0b7094b4-f75e-11ea-91ea-9848275c1b15,3,{'d0': {'size': 9}},1
0b7094b4-f75e-11ea-91ea-9848275c1b15,3,{'d0': {'size': 9}},1
0b7094b4-f75e-11ea-91ea-9848275c1b15,3,{'d8': {'size': 35}},3
0b7094b4-f75e-11ea-91ea-9848275c1b15,3,{'d8': {'size': 35}},3
0b7094b4-f75e-11ea-91ea-9848275c1b15,3,{'d8': {'size': 35}},3
0b7094b4-f75e-11ea-91ea-9848275c1b15,3,{'d8': {'size': 35}},3
dag_id,name,data,stage_id
0b76181a-f75e-11ea-9dc6-9848275c1b15,8,{'a8': {'size': 164}},0
0b76181a-f75e-11ea-9dc6-9848275c1b15,8,{'b8': {'size': 150}},0
0b76181a-f75e-11ea-9dc6-9848275c1b15,8,{'a8': {'size': 55}},0
0b76181a-f75e-11ea-9dc6-9848275c1b15,8,{'a6': {'size': 42}},0
0b76181a-f75e-11ea-9dc6-9848275c1b15,8,{'a7': {'size': 31}},0
0b76181a-f75e-11ea-9dc6-9848275c1b15,8,"{'a7': {'size': 64}, 'b7': {'size': 38}}",0
0b76181a-f75e-11ea-9dc6-9848275c1b15,8,{'a8': {'size': 164}},0
0b76181a-f75e-11ea-9dc6-9848275c1b15,8,{'a8': {'size': 164}},0
0b76181a-f75e-11ea-9dc6-9848275c1b15,8,{'d7': {'size': 23}},1
0b76181a-f75e-11ea-9dc6-9848275c1b15,8,{'d0': {'size': 9}},1
0b76181a-f75e-11ea-9dc6-9848275c1b15,8,{'d0': {'size': 9}},1
0b76181a-f75e-11ea-9dc6-9848275c1b15,8,{'d8': {'size': 35}},3
dag_id,name,data,stage_id
0b7201f3-f75e-11ea-95fd-9848275c1b15,6,{'b8': {'size': 150}},0
0b7201f3-f75e-11ea-95fd-9848275c1b15,6,{'a8': {'size': 55}},0
0b7201f3-f75e-11ea-95fd-9848275c1b15,6,{'a6': {'size': 42}},0
0b7201f3-f75e-11ea-95fd-9848275c1b15,6,{'a7': {'size': 31}},0
0b7201f3-f75e-11ea-95fd-9848275c1b15,6,"{'a7': {'size': 64}, 'b7': {'size': 38}}",0
0b7201f3-f75e-11ea-95fd-9848275c1b15,6,{'a8': {'size': 164}},0
0b7201f3-f75e-11ea-95fd-9848275c1b15,6,{'d7': {'size': 23}},1
0b7201f3-f75e-11ea-95fd-9848275c1b15,6,{'d0': {'size': 9}},1
0b7201f3-f75e-11ea-95fd-9848275c1b15,6,{'d8': {'size': 35}},3
0b7201f3-f75e-11ea-95fd-9848275c1b15,6,{'d8': {'size': 35}},3
0b7201f3-f75e-11ea-95fd-9848275c1b15,6,{'d8': {'size': 35}},3
dag_id,name,data,stage_id
0b72d7e1-f75e-11ea-93c3-9848275c1b15,7,{'a8': {'size': 164}},0
0b72d7e1-f75e-11ea-93c3-9848275c1b15,7,{'b8': {'size': 150}},0
0b72d7e1-f75e-11ea-93c3-9848275c1b15,7,{'a8': {'size': 55}},0
0b72d7e1-f75e-11ea-93c3-9848275c1b15,7,{'a6': {'size': 42}},0
0b72d7e1-f75e-11ea-93c3-9848275c1b15,7,{'a7': {'size': 31}},0
0b72d7e1-f75e-11ea-93c3-9848275c1b15,7,"{'a7': {'size': 64}, 'b7': {'size': 38}}",0
0b72d7e1-f75e-11ea-93c3-9848275c1b15,7,{'d7': {'size': 23}},1
0b72d7e1-f75e-11ea-93c3-9848275c1b15,7,{'d0': {'size': 9}},1
0b72d7e1-f75e-11ea-93c3-9848275c1b15,7,{'d0': {'size': 9}},1
0b72d7e1-f75e-11ea-93c3-9848275c1b15,7,{'d8': {'size': 35}},3
0b72d7e1-f75e-11ea-93c3-9848275c1b15,7,{'d8': {'size': 35}},3
dag_id,name,data,stage_id
11ee2a28-f760-11ea-a4f2-9848275c1b15,1,{'a8': {'size': 164}},0
11ee2a28-f760-11ea-a4f2-9848275c1b15,1,{'b8': {'size': 150}},0
11ee2a28-f760-11ea-a4f2-9848275c1b15,1,{'a8': {'size': 164}},0
11ee2a28-f760-11ea-a4f2-9848275c1b15,1,{'a7': {'size': 31}},0
11ee2a28-f760-11ea-a4f2-9848275c1b15,1,{'a8': {'size': 55}},0
11ee2a28-f760-11ea-a4f2-9848275c1b15,1,{'a8': {'size': 164}},0
11ee2a28-f760-11ea-a4f2-9848275c1b15,1,{'c0': {'size': 15}},0
11ee2a28-f760-11ea-a4f2-9848275c1b15,1,"{'a7': {'size': 64}, 'b7': {'size': 38}}",0
11ee2a28-f760-11ea-a4f2-9848275c1b15,1,"{'a8': {'size': 164}, 'b8': {'size': 144}}",0
11ee2a28-f760-11ea-a4f2-9848275c1b15,1,{'e5': {'size': 62}},2
11ee2a28-f760-11ea-a4f2-9848275c1b15,1,{'d0': {'size': 9}},1
11ee2a28-f760-11ea-a4f2-9848275c1b15,1,{'d8': {'size': 35}},3
11ee2a28-f760-11ea-a4f2-9848275c1b15,1,{'e5': {'size': 62}},2
11ee2a28-f760-11ea-a4f2-9848275c1b15,1,{'d8': {'size': 35}},3
11ee2a28-f760-11ea-a4f2-9848275c1b15,1,{'e5': {'size': 62}},2
dag_id,name,data,stage_id
11ddf73d-f760-11ea-9b0a-9848275c1b15,2,{'a8': {'size': 164}},0
11ddf73d-f760-11ea-9b0a-9848275c1b15,2,{'a8': {'size': 55}},0
11ddf73d-f760-11ea-9b0a-9848275c1b15,2,{'a8': {'size': 164}},0
11ddf73d-f760-11ea-9b0a-9848275c1b15,2,{'b8': {'size': 150}},0
11ddf73d-f760-11ea-9b0a-9848275c1b15,2,"{'a8': {'size': 164}, 'b8': {'size': 144}}",0
11ddf73d-f760-11ea-9b0a-9848275c1b15,2,{'a8': {'size': 164}},0
11ddf73d-f760-11ea-9b0a-9848275c1b15,2,{'a8': {'size': 164}},0
11ddf73d-f760-11ea-9b0a-9848275c1b15,2,{'a8': {'size': 55}},0
11ddf73d-f760-11ea-9b0a-9848275c1b15,2,{'a7': {'size': 31}},0
11ddf73d-f760-11ea-9b0a-9848275c1b15,2,"{'a7': {'size': 64}, 'b7': {'size': 38}}",0
11ddf73d-f760-11ea-9b0a-9848275c1b15,2,{'c0': {'size': 15}},0
11ddf73d-f760-11ea-9b0a-9848275c1b15,2,"{'a8': {'size': 164}, 'b8': {'size': 144}}",0
11ddf73d-f760-11ea-9b0a-9848275c1b15,2,{'d0': {'size': 9}},1
11ddf73d-f760-11ea-9b0a-9848275c1b15,2,{'d7': {'size': 23}},1
11ddf73d-f760-11ea-9b0a-9848275c1b15,2,{'d8': {'size': 35}},3
11ddf73d-f760-11ea-9b0a-9848275c1b15,2,{'e5': {'size': 62}},2
11ddf73d-f760-11ea-9b0a-9848275c1b15,2,{'d8': {'size': 35}},3
11ddf73d-f760-11ea-9b0a-9848275c1b15,2,{'e5': {'size': 62}},2
dag_id,name,data,stage_id
11e40d9f-f760-11ea-8572-9848275c1b15,9,{'a8': {'size': 164}},0
11e40d9f-f760-11ea-8572-9848275c1b15,9,{'a7': {'size': 31}},0
11e40d9f-f760-11ea-8572-9848275c1b15,9,"{'a7': {'size': 64}, 'b7': {'size': 38}}",0
11e40d9f-f760-11ea-8572-9848275c1b15,9,{'a8': {'size': 55}},0
11e40d9f-f760-11ea-8572-9848275c1b15,9,{'a8': {'size': 164}},0
11e40d9f-f760-11ea-8572-9848275c1b15,9,{'b8': {'size': 150}},0
11e40d9f-f760-11ea-8572-9848275c1b15,9,"{'a8': {'size': 164}, 'b8': {'size': 144}}",0
11e40d9f-f760-11ea-8572-9848275c1b15,9,{'d7': {'size': 23}},1
11e40d9f-f760-11ea-8572-9848275c1b15,9,{'c0': {'size': 15}},0
11e40d9f-f760-11ea-8572-9848275c1b15,9,{'e5': {'size': 62}},2
11e40d9f-f760-11ea-8572-9848275c1b15,9,{'d0': {'size': 9}},1
11e40d9f-f760-11ea-8572-9848275c1b15,9,{'e5': {'size': 62}},2
11e40d9f-f760-11ea-8572-9848275c1b15,9,{'d8': {'size': 35}},3
11e40d9f-f760-11ea-8572-9848275c1b15,9,{'e5': {'size': 62}},2
11e40d9f-f760-11ea-8572-9848275c1b15,9,{'d8': {'size': 35}},3
11e40d9f-f760-11ea-8572-9848275c1b15,9,{'e5': {'size': 62}},2
dag_id,name,data,stage_id
11e06f12-f760-11ea-b8e1-9848275c1b15,4,{'a8': {'size': 55}},0
11e06f12-f760-11ea-b8e1-9848275c1b15,4,{'a8': {'size': 164}},0
11e06f12-f760-11ea-b8e1-9848275c1b15,4,"{'a8': {'size': 164}, 'b8': {'size': 144}}",0
11e06f12-f760-11ea-b8e1-9848275c1b15,4,{'b8': {'size': 150}},0
11e06f12-f760-11ea-b8e1-9848275c1b15,4,{'a8': {'size': 164}},0
11e06f12-f760-11ea-b8e1-9848275c1b15,4,{'d7': {'size': 23}},1
11e06f12-f760-11ea-b8e1-9848275c1b15,4,{'c0': {'size': 15}},0
11e06f12-f760-11ea-b8e1-9848275c1b15,4,{'e5': {'size': 62}},2
11e06f12-f760-11ea-b8e1-9848275c1b15,4,{'d8': {'size': 35}},3
11e06f12-f760-11ea-b8e1-9848275c1b15,4,{'d8': {'size': 35}},3
11e06f12-f760-11ea-b8e1-9848275c1b15,4,{'e5': {'size': 62}},2
11e06f12-f760-11ea-b8e1-9848275c1b15,4,{'d8': {'size': 35}},3
11e06f12-f760-11ea-b8e1-9848275c1b15,4,{'d8': {'size': 35}},3
11e06f12-f760-11ea-b8e1-9848275c1b15,4,{'e5': {'size': 62}},2
dag_id,name,data,stage_id
11e12708-f760-11ea-8034-9848275c1b15,5,{'a8': {'size': 164}},0
11e12708-f760-11ea-8034-9848275c1b15,5,{'a6': {'size': 42}},0
11e12708-f760-11ea-8034-9848275c1b15,5,{'b8': {'size': 150}},0
11e12708-f760-11ea-8034-9848275c1b15,5,{'d7': {'size': 23}},1
11e12708-f760-11ea-8034-9848275c1b15,5,{'a8': {'size': 164}},0
11e12708-f760-11ea-8034-9848275c1b15,5,{'a8': {'size': 55}},0
11e12708-f760-11ea-8034-9848275c1b15,5,"{'a8': {'size': 164}, 'b8': {'size': 144}}",0
11e12708-f760-11ea-8034-9848275c1b15,5,{'c0': {'size': 15}},0
11e12708-f760-11ea-8034-9848275c1b15,5,{'d0': {'size': 9}},1
11e12708-f760-11ea-8034-9848275c1b15,5,{'d8': {'size': 35}},3
11e12708-f760-11ea-8034-9848275c1b15,5,{'d8': {'size': 35}},3
11e12708-f760-11ea-8034-9848275c1b15,5,{'e5': {'size': 62}},2
11e12708-f760-11ea-8034-9848275c1b15,5,{'d8': {'size': 35}},3
11e12708-f760-11ea-8034-9848275c1b15,5,{'d8': {'size': 35}},3
11e12708-f760-11ea-8034-9848275c1b15,5,{'e5': {'size': 62}},2
dag_id,name,data,stage_id
11e5b2a9-f760-11ea-86f5-9848275c1b15,10,{'a8': {'size': 55}},0
11e5b2a9-f760-11ea-86f5-9848275c1b15,10,"{'a8': {'size': 164}, 'b8': {'size': 144}}",0
11e5b2a9-f760-11ea-86f5-9848275c1b15,10,{'a8': {'size': 164}},0
11e5b2a9-f760-11ea-86f5-9848275c1b15,10,{'b8': {'size': 150}},0
11e5b2a9-f760-11ea-86f5-9848275c1b15,10,{'a8': {'size': 164}},0
11e5b2a9-f760-11ea-86f5-9848275c1b15,10,{'a7': {'size': 31}},0
11e5b2a9-f760-11ea-86f5-9848275c1b15,10,{'a8': {'size': 164}},0
11e5b2a9-f760-11ea-86f5-9848275c1b15,10,{'a8': {'size': 55}},0
11e5b2a9-f760-11ea-86f5-9848275c1b15,10,"{'a7': {'size': 64}, 'b7': {'size': 38}}",0
11e5b2a9-f760-11ea-86f5-9848275c1b15,10,{'c0': {'size': 15}},0
11e5b2a9-f760-11ea-86f5-9848275c1b15,10,"{'a8': {'size': 164}, 'b8': {'size': 144}}",0
dag_id,name,data,stage_id
11dfc456-f760-11ea-b6c9-9848275c1b15,3,{'a8': {'size': 164}},0
11dfc456-f760-11ea-b6c9-9848275c1b15,3,{'a7': {'size': 31}},0
11dfc456-f760-11ea-b6c9-9848275c1b15,3,{'c0': {'size': 15}},0
11dfc456-f760-11ea-b6c9-9848275c1b15,3,{'a8': {'size': 55}},0
11dfc456-f760-11ea-b6c9-9848275c1b15,3,{'a8': {'size': 164}},0
11dfc456-f760-11ea-b6c9-9848275c1b15,3,"{'a7': {'size': 64}, 'b7': {'size': 38}}",0
11dfc456-f760-11ea-b6c9-9848275c1b15,3,{'b8': {'size': 150}},0
11dfc456-f760-11ea-b6c9-9848275c1b15,3,"{'a8': {'size': 164}, 'b8': {'size': 144}}",0
11dfc456-f760-11ea-b6c9-9848275c1b15,3,{'d0': {'size': 9}},1
11dfc456-f760-11ea-b6c9-9848275c1b15,3,{'e5': {'size': 62}},2
11dfc456-f760-11ea-b6c9-9848275c1b15,3,{'d8': {'size': 35}},3
11dfc456-f760-11ea-b6c9-9848275c1b15,3,{'d8': {'size': 35}},3
11dfc456-f760-11ea-b6c9-9848275c1b15,3,{'e5': {'size': 62}},2
11dfc456-f760-11ea-b6c9-9848275c1b15,3,{'d8': {'size': 35}},3
11dfc456-f760-11ea-b6c9-9848275c1b15,3,{'d8': {'size': 35}},3
11dfc456-f760-11ea-b6c9-9848275c1b15,3,{'e5': {'size': 62}},2
dag_id,name,data,stage_id
11e349f4-f760-11ea-8082-9848275c1b15,8,{'a8': {'size': 55}},0
11e349f4-f760-11ea-8082-9848275c1b15,8,{'a8': {'size': 164}},0
11e349f4-f760-11ea-8082-9848275c1b15,8,{'b8': {'size': 150}},0
11e349f4-f760-11ea-8082-9848275c1b15,8,"{'a8': {'size': 164}, 'b8': {'size': 144}}",0
11e349f4-f760-11ea-8082-9848275c1b15,8,{'a8': {'size': 164}},0
11e349f4-f760-11ea-8082-9848275c1b15,8,{'d7': {'size': 23}},1
11e349f4-f760-11ea-8082-9848275c1b15,8,{'c0': {'size': 15}},0
11e349f4-f760-11ea-8082-9848275c1b15,8,{'e5': {'size': 62}},2
11e349f4-f760-11ea-8082-9848275c1b15,8,{'e5': {'size': 62}},2
11e349f4-f760-11ea-8082-9848275c1b15,8,{'d8': {'size': 35}},3
dag_id,name,data,stage_id
11e1d41e-f760-11ea-bbde-9848275c1b15,6,{'b8': {'size': 150}},0
11e1d41e-f760-11ea-bbde-9848275c1b15,6,{'d7': {'size': 23}},1
11e1d41e-f760-11ea-bbde-9848275c1b15,6,{'a8': {'size': 164}},0
11e1d41e-f760-11ea-bbde-9848275c1b15,6,{'a8': {'size': 164}},0
11e1d41e-f760-11ea-bbde-9848275c1b15,6,{'a8': {'size': 55}},0
11e1d41e-f760-11ea-bbde-9848275c1b15,6,"{'a8': {'size': 164}, 'b8': {'size': 144}}",0
11e1d41e-f760-11ea-bbde-9848275c1b15,6,{'c0': {'size': 15}},0
11e1d41e-f760-11ea-bbde-9848275c1b15,6,{'e5': {'size': 62}},2
11e1d41e-f760-11ea-bbde-9848275c1b15,6,{'d8': {'size': 35}},3
11e1d41e-f760-11ea-bbde-9848275c1b15,6,{'e5': {'size': 62}},2
11e1d41e-f760-11ea-bbde-9848275c1b15,6,{'d8': {'size': 35}},3
11e1d41e-f760-11ea-bbde-9848275c1b15,6,{'d8': {'size': 35}},3
dag_id,name,data,stage_id
11e27d05-f760-11ea-8598-9848275c1b15,7,{'a8': {'size': 164}},0
11e27d05-f760-11ea-8598-9848275c1b15,7,{'a7': {'size': 31}},0
11e27d05-f760-11ea-8598-9848275c1b15,7,"{'a7': {'size': 64}, 'b7': {'size': 38}}",0
11e27d05-f760-11ea-8598-9848275c1b15,7,{'a8': {'size': 55}},0
11e27d05-f760-11ea-8598-9848275c1b15,7,{'a8': {'size': 164}},0
11e27d05-f760-11ea-8598-9848275c1b15,7,{'b8': {'size': 150}},0
11e27d05-f760-11ea-8598-9848275c1b15,7,"{'a8': {'size': 164}, 'b8': {'size': 144}}",0
11e27d05-f760-11ea-8598-9848275c1b15,7,{'d0': {'size': 9}},1
11e27d05-f760-11ea-8598-9848275c1b15,7,{'d7': {'size': 23}},1
11e27d05-f760-11ea-8598-9848275c1b15,7,{'d0': {'size': 9}},1
11e27d05-f760-11ea-8598-9848275c1b15,7,{'d8': {'size': 35}},3
11e27d05-f760-11ea-8598-9848275c1b15,7,{'d8': {'size': 35}},3
11e27d05-f760-11ea-8598-9848275c1b15,7,{'e5': {'size': 62}},2
dag_id,name,data,stage_id
a2113078-f760-11ea-a4f2-9848275c1b15,1,{'a8': {'size': 164}},0
a2113078-f760-11ea-a4f2-9848275c1b15,1,{'a7': {'size': 31}},0
a2113078-f760-11ea-a4f2-9848275c1b15,1,{'a8': {'size': 55}},0
a2113078-f760-11ea-a4f2-9848275c1b15,1,{'c0': {'size': 15}},0
a2113078-f760-11ea-a4f2-9848275c1b15,1,"{'a7': {'size': 64}, 'b7': {'size': 38}}",0
a2113078-f760-11ea-a4f2-9848275c1b15,1,{'b8': {'size': 150}},0
a2113078-f760-11ea-a4f2-9848275c1b15,1,{'a8': {'size': 164}},0
a2113078-f760-11ea-a4f2-9848275c1b15,1,"{'a8': {'size': 164}, 'b8': {'size': 144}}",0
a2113078-f760-11ea-a4f2-9848275c1b15,1,{'d0': {'size': 9}},1
a2113078-f760-11ea-a4f2-9848275c1b15,1,{'d8': {'size': 35}},3
a2113078-f760-11ea-a4f2-9848275c1b15,1,{'d8': {'size': 35}},3
dag_id,name,data,stage_id
a2005763-f760-11ea-8683-9848275c1b15,2,{'a8': {'size': 164}},0
a2005763-f760-11ea-8683-9848275c1b15,2,{'a8': {'size': 55}},0
a2005763-f760-11ea-8683-9848275c1b15,2,{'a4': {'size': 72}},0
a2005763-f760-11ea-8683-9848275c1b15,2,{'b8': {'size': 150}},0
a2005763-f760-11ea-8683-9848275c1b15,2,"{'a8': {'size': 164}, 'b8': {'size': 144}}",0
a2005763-f760-11ea-8683-9848275c1b15,2,{'a8': {'size': 164}},0
a2005763-f760-11ea-8683-9848275c1b15,2,{'d0': {'size': 9}},1
a2005763-f760-11ea-8683-9848275c1b15,2,{'a8': {'size': 55}},0
a2005763-f760-11ea-8683-9848275c1b15,2,{'a7': {'size': 31}},0
a2005763-f760-11ea-8683-9848275c1b15,2,"{'a8': {'size': 164}, 'b8': {'size': 144}}",0
a2005763-f760-11ea-8683-9848275c1b15,2,"{'a7': {'size': 64}, 'b7': {'size': 38}}",0
a2005763-f760-11ea-8683-9848275c1b15,2,{'d7': {'size': 23}},1
a2005763-f760-11ea-8683-9848275c1b15,2,{'d0': {'size': 9}},1
a2005763-f760-11ea-8683-9848275c1b15,2,{'d8': {'size': 35}},3
a2005763-f760-11ea-8683-9848275c1b15,2,{'d8': {'size': 35}},3
dag_id,name,data,stage_id
a206556b-f760-11ea-8455-9848275c1b15,9,{'a7': {'size': 31}},0
a206556b-f760-11ea-8455-9848275c1b15,9,{'a8': {'size': 164}},0
a206556b-f760-11ea-8455-9848275c1b15,9,"{'a7': {'size': 64}, 'b7': {'size': 38}}",0
a206556b-f760-11ea-8455-9848275c1b15,9,{'a8': {'size': 55}},0
a206556b-f760-11ea-8455-9848275c1b15,9,{'b8': {'size': 150}},0
a206556b-f760-11ea-8455-9848275c1b15,9,{'a8': {'size': 164}},0
a206556b-f760-11ea-8455-9848275c1b15,9,"{'a8': {'size': 164}, 'b8': {'size': 144}}",0
a206556b-f760-11ea-8455-9848275c1b15,9,{'a8': {'size': 55}},0
a206556b-f760-11ea-8455-9848275c1b15,9,{'a7': {'size': 31}},0
a206556b-f760-11ea-8455-9848275c1b15,9,"{'a8': {'size': 164}, 'b8': {'size': 144}}",0
a206556b-f760-11ea-8455-9848275c1b15,9,"{'a7': {'size': 64}, 'b7': {'size': 38}}",0
a206556b-f760-11ea-8455-9848275c1b15,9,{'c0': {'size': 15}},0
a206556b-f760-11ea-8455-9848275c1b15,9,{'d0': {'size': 9}},1
a206556b-f760-11ea-8455-9848275c1b15,9,{'d8': {'size': 35}},3
a206556b-f760-11ea-8455-9848275c1b15,9,{'d8': {'size': 35}},3
dag_id,name,data,stage_id
a2011a16-f760-11ea-8468-9848275c1b15,4,{'a8': {'size': 55}},0
a2011a16-f760-11ea-8468-9848275c1b15,4,{'a8': {'size': 164}},0
a2011a16-f760-11ea-8468-9848275c1b15,4,"{'a8': {'size': 164}, 'b8': {'size': 144}}",0
a2011a16-f760-11ea-8468-9848275c1b15,4,{'b8': {'size': 150}},0
a2011a16-f760-11ea-8468-9848275c1b15,4,{'a8': {'size': 164}},0
a2011a16-f760-11ea-8468-9848275c1b15,4,{'a8': {'size': 55}},0
a2011a16-f760-11ea-8468-9848275c1b15,4,{'a7': {'size': 31}},0
a2011a16-f760-11ea-8468-9848275c1b15,4,"{'a7': {'size': 64}, 'b7': {'size': 38}}",0
a2011a16-f760-11ea-8468-9848275c1b15,4,"{'a8': {'size': 164}, 'b8': {'size': 144}}",0
a2011a16-f760-11ea-8468-9848275c1b15,4,{'c0': {'size': 15}},0
a2011a16-f760-11ea-8468-9848275c1b15,4,{'d8': {'size': 35}},3
a2011a16-f760-11ea-8468-9848275c1b15,4,{'d8': {'size': 35}},3
a2011a16-f760-11ea-8468-9848275c1b15,4,{'d8': {'size': 35}},3
a2011a16-f760-11ea-8468-9848275c1b15,4,{'d8': {'size': 35}},3
dag_id,name,data,stage_id
a201dcae-f760-11ea-b3d9-9848275c1b15,5,{'a8': {'size': 164}},0
a201dcae-f760-11ea-b3d9-9848275c1b15,5,{'b8': {'size': 150}},0
a201dcae-f760-11ea-b3d9-9848275c1b15,5,{'a8': {'size': 164}},0
a201dcae-f760-11ea-b3d9-9848275c1b15,5,{'d7': {'size': 23}},1
a201dcae-f760-11ea-b3d9-9848275c1b15,5,{'d0': {'size': 9}},1
a201dcae-f760-11ea-b3d9-9848275c1b15,5,{'a8': {'size': 55}},0
a201dcae-f760-11ea-b3d9-9848275c1b15,5,"{'a8': {'size': 164}, 'b8': {'size': 144}}",0
a201dcae-f760-11ea-b3d9-9848275c1b15,5,{'d0': {'size': 9}},1
a201dcae-f760-11ea-b3d9-9848275c1b15,5,{'d8': {'size': 35}},3
a201dcae-f760-11ea-b3d9-9848275c1b15,5,{'d8': {'size': 35}},3
a201dcae-f760-11ea-b3d9-9848275c1b15,5,{'d8': {'size': 35}},3
a201dcae-f760-11ea-b3d9-9848275c1b15,5,{'d8': {'size': 35}},3
dag_id,name,data,stage_id
a20703ef-f760-11ea-aafc-9848275c1b15,10,{'a8': {'size': 164}},0
a20703ef-f760-11ea-aafc-9848275c1b15,10,{'a8': {'size': 164}},0
a20703ef-f760-11ea-aafc-9848275c1b15,10,{'a8': {'size': 55}},0
a20703ef-f760-11ea-aafc-9848275c1b15,10,{'a7': {'size': 31}},0
a20703ef-f760-11ea-aafc-9848275c1b15,10,{'b8': {'size': 150}},0
a20703ef-f760-11ea-aafc-9848275c1b15,10,"{'a7': {'size': 64}, 'b7': {'size': 38}}",0
a20703ef-f760-11ea-aafc-9848275c1b15,10,"{'a8': {'size': 164}, 'b8': {'size': 144}}",0
a20703ef-f760-11ea-aafc-9848275c1b15,10,{'c0': {'size': 15}},0
dag_id,name,data,stage_id
a2003f93-f760-11ea-aa0e-9848275c1b15,3,{'a8': {'size': 164}},0
a2003f93-f760-11ea-aa0e-9848275c1b15,3,{'a8': {'size': 55}},0
a2003f93-f760-11ea-aa0e-9848275c1b15,3,{'b8': {'size': 150}},0
a2003f93-f760-11ea-aa0e-9848275c1b15,3,{'a7': {'size': 31}},0
a2003f93-f760-11ea-aa0e-9848275c1b15,3,"{'a7': {'size': 64}, 'b7': {'size': 38}}",0
a2003f93-f760-11ea-aa0e-9848275c1b15,3,"{'a8': {'size': 164}, 'b8': {'size': 144}}",0
a2003f93-f760-11ea-aa0e-9848275c1b15,3,{'c0': {'size': 15}},0
a2003f93-f760-11ea-aa0e-9848275c1b15,3,{'d0': {'size': 9}},1
a2003f93-f760-11ea-aa0e-9848275c1b15,3,{'d8': {'size': 35}},3
a2003f93-f760-11ea-aa0e-9848275c1b15,3,{'d8': {'size': 35}},3
a2003f93-f760-11ea-aa0e-9848275c1b15,3,{'d8': {'size': 35}},3
a2003f93-f760-11ea-aa0e-9848275c1b15,3,{'d8': {'size': 35}},3
dag_id,name,data,stage_id
a203f752-f760-11ea-8c2a-9848275c1b15,8,{'b8': {'size': 150}},0
a203f752-f760-11ea-8c2a-9848275c1b15,8,{'a8': {'size': 164}},0
a203f752-f760-11ea-8c2a-9848275c1b15,8,{'a8': {'size': 164}},0
a203f752-f760-11ea-8c2a-9848275c1b15,8,{'a8': {'size': 55}},0
a203f752-f760-11ea-8c2a-9848275c1b15,8,{'a7': {'size': 31}},0
a203f752-f760-11ea-8c2a-9848275c1b15,8,{'b8': {'size': 150}},0
a203f752-f760-11ea-8c2a-9848275c1b15,8,"{'a7': {'size': 64}, 'b7': {'size': 38}}",0
a203f752-f760-11ea-8c2a-9848275c1b15,8,"{'a8': {'size': 164}, 'b8': {'size': 144}}",0
a203f752-f760-11ea-8c2a-9848275c1b15,8,{'c0': {'size': 15}},0
a203f752-f760-11ea-8c2a-9848275c1b15,8,{'d8': {'size': 35}},3
dag_id,name,data,stage_id
a2028427-f760-11ea-8c5f-9848275c1b15,6,{'a6': {'size': 42}},0
a2028427-f760-11ea-8c5f-9848275c1b15,6,{'a8': {'size': 164}},0
a2028427-f760-11ea-8c5f-9848275c1b15,6,{'a7': {'size': 31}},0
a2028427-f760-11ea-8c5f-9848275c1b15,6,{'a8': {'size': 55}},0
a2028427-f760-11ea-8c5f-9848275c1b15,6,"{'a7': {'size': 64}, 'b7': {'size': 38}}",0
a2028427-f760-11ea-8c5f-9848275c1b15,6,{'a8': {'size': 164}},0
a2028427-f760-11ea-8c5f-9848275c1b15,6,{'b8': {'size': 150}},0
a2028427-f760-11ea-8c5f-9848275c1b15,6,{'c0': {'size': 15}},0
a2028427-f760-11ea-8c5f-9848275c1b15,6,"{'a8': {'size': 164}, 'b8': {'size': 144}}",0
a2028427-f760-11ea-8c5f-9848275c1b15,6,{'d8': {'size': 35}},3
a2028427-f760-11ea-8c5f-9848275c1b15,6,{'d8': {'size': 35}},3
a2028427-f760-11ea-8c5f-9848275c1b15,6,{'d8': {'size': 35}},3
dag_id,name,data,stage_id
a2033d59-f760-11ea-914a-9848275c1b15,7,{'a8': {'size': 164}},0
a2033d59-f760-11ea-914a-9848275c1b15,7,{'a8': {'size': 164}},0
a2033d59-f760-11ea-914a-9848275c1b15,7,{'a8': {'size': 55}},0
a2033d59-f760-11ea-914a-9848275c1b15,7,{'a7': {'size': 31}},0
a2033d59-f760-11ea-914a-9848275c1b15,7,{'b8': {'size': 150}},0
a2033d59-f760-11ea-914a-9848275c1b15,7,"{'a7': {'size': 64}, 'b7': {'size': 38}}",0
a2033d59-f760-11ea-914a-9848275c1b15,7,"{'a8': {'size': 164}, 'b8': {'size': 144}}",0
a2033d59-f760-11ea-914a-9848275c1b15,7,{'c0': {'size': 15}},0
a2033d59-f760-11ea-914a-9848275c1b15,7,{'d0': {'size': 9}},1
a2033d59-f760-11ea-914a-9848275c1b15,7,{'d8': {'size': 35}},3
a2033d59-f760-11ea-914a-9848275c1b15,7,{'d8': {'size': 35}},3
dag_id,name,data,stage_id
d86f530a-f762-11ea-a4f2-9848275c1b15,1,{'a8': {'size': 164}},0
d86f530a-f762-11ea-a4f2-9848275c1b15,1,{'b8': {'size': 150}},0
d86f530a-f762-11ea-a4f2-9848275c1b15,1,{'a8': {'size': 164}},0
d86f530a-f762-11ea-a4f2-9848275c1b15,1,{'b8': {'size': 48}},0
d86f530a-f762-11ea-a4f2-9848275c1b15,1,{'a8': {'size': 55}},0
d86f530a-f762-11ea-a4f2-9848275c1b15,1,"{'a8': {'size': 66}, 'b8': {'size': 132}}",0
d86f530a-f762-11ea-a4f2-9848275c1b15,1,{'a8': {'size': 68}},0
d86f530a-f762-11ea-a4f2-9848275c1b15,1,{'a7': {'size': 31}},0
d86f530a-f762-11ea-a4f2-9848275c1b15,1,"{'a8': {'size': 164}, 'b8': {'size': 144}}",0
d86f530a-f762-11ea-a4f2-9848275c1b15,1,"{'a8': {'size': 164}, 'b8': {'size': 135}}",0
d86f530a-f762-11ea-a4f2-9848275c1b15,1,{'a5': {'size': 64}},0
d86f530a-f762-11ea-a4f2-9848275c1b15,1,{'d0': {'size': 9}},1
d86f530a-f762-11ea-a4f2-9848275c1b15,1,{'d7': {'size': 23}},1
d86f530a-f762-11ea-a4f2-9848275c1b15,1,{'d8': {'size': 35}},3
d86f530a-f762-11ea-a4f2-9848275c1b15,1,{'d8': {'size': 35}},3
dag_id,name,data,stage_id
d879f008-f762-11ea-a4f2-9848275c1b15,10,{'a8': {'size': 164}},0
d879f008-f762-11ea-a4f2-9848275c1b15,10,{'a8': {'size': 55}},0
d879f008-f762-11ea-a4f2-9848275c1b15,10,{'a7': {'size': 31}},0
d879f008-f762-11ea-a4f2-9848275c1b15,10,{'a8': {'size': 68}},0
d879f008-f762-11ea-a4f2-9848275c1b15,10,"{'a8': {'size': 164}, 'b8': {'size': 144}}",0
d879f008-f762-11ea-a4f2-9848275c1b15,10,"{'a8': {'size': 164}, 'b8': {'size': 135}}",0
d879f008-f762-11ea-a4f2-9848275c1b15,10,{'a5': {'size': 64}},0
d879f008-f762-11ea-a4f2-9848275c1b15,10,{'a8': {'size': 164}},0
d879f008-f762-11ea-a4f2-9848275c1b15,10,{'b8': {'size': 150}},0
d879f008-f762-11ea-a4f2-9848275c1b15,10,{'a8': {'size': 164}},0
d879f008-f762-11ea-a4f2-9848275c1b15,10,{'b8': {'size': 48}},0
d879f008-f762-11ea-a4f2-9848275c1b15,10,{'a8': {'size': 55}},0
d879f008-f762-11ea-a4f2-9848275c1b15,10,"{'a8': {'size': 66}, 'b8': {'size': 132}}",0
d879f008-f762-11ea-a4f2-9848275c1b15,10,{'a7': {'size': 31}},0
d879f008-f762-11ea-a4f2-9848275c1b15,10,"{'a8': {'size': 164}, 'b8': {'size': 144}}",0
d879f008-f762-11ea-a4f2-9848275c1b15,10,{'a5': {'size': 64}},0
dag_id,name,data,stage_id
d86e1e04-f762-11ea-a0d0-9848275c1b15,9,{'d7': {'size': 23}},1
d86e1e04-f762-11ea-a0d0-9848275c1b15,9,{'d0': {'size': 9}},1
d86e1e04-f762-11ea-a0d0-9848275c1b15,9,{'d8': {'size': 35}},3
d86e1e04-f762-11ea-a0d0-9848275c1b15,9,{'d8': {'size': 35}},3
d86e1e04-f762-11ea-a0d0-9848275c1b15,9,{'d8': {'size': 35}},3
dag_id,name,data,stage_id
d8670716-f762-11ea-b867-9848275c1b15,4,{'b8': {'size': 150}},0
d8670716-f762-11ea-b867-9848275c1b15,4,{'a8': {'size': 164}},0
d8670716-f762-11ea-b867-9848275c1b15,4,{'a8': {'size': 164}},0
d8670716-f762-11ea-b867-9848275c1b15,4,{'b8': {'size': 48}},0
d8670716-f762-11ea-b867-9848275c1b15,4,"{'a8': {'size': 66}, 'b8': {'size': 132}}",0
d8670716-f762-11ea-b867-9848275c1b15,4,{'a8': {'size': 55}},0
d8670716-f762-11ea-b867-9848275c1b15,4,{'a8': {'size': 68}},0
d8670716-f762-11ea-b867-9848275c1b15,4,{'a7': {'size': 31}},0
d8670716-f762-11ea-b867-9848275c1b15,4,"{'a8': {'size': 164}, 'b8': {'size': 144}}",0
d8670716-f762-11ea-b867-9848275c1b15,4,"{'a8': {'size': 164}, 'b8': {'size': 135}}",0
d8670716-f762-11ea-b867-9848275c1b15,4,{'a5': {'size': 64}},0
d8670716-f762-11ea-b867-9848275c1b15,4,{'d8': {'size': 35}},3
d8670716-f762-11ea-b867-9848275c1b15,4,{'d8': {'size': 35}},3
d8670716-f762-11ea-b867-9848275c1b15,4,{'d8': {'size': 35}},3
d8670716-f762-11ea-b867-9848275c1b15,4,{'d8': {'size': 35}},3
dag_id,name,data,stage_id
d8639492-f762-11ea-b6e5-9848275c1b15,2,{'a8': {'size': 55}},0
d8639492-f762-11ea-b6e5-9848275c1b15,2,{'a8': {'size': 68}},0
d8639492-f762-11ea-b6e5-9848275c1b15,2,"{'a8': {'size': 164}, 'b8': {'size': 144}}",0
d8639492-f762-11ea-b6e5-9848275c1b15,2,"{'a8': {'size': 164}, 'b8': {'size': 135}}",0
d8639492-f762-11ea-b6e5-9848275c1b15,2,{'a5': {'size': 64}},0
d8639492-f762-11ea-b6e5-9848275c1b15,2,{'a8': {'size': 164}},0
d8639492-f762-11ea-b6e5-9848275c1b15,2,{'b8': {'size': 150}},0
d8639492-f762-11ea-b6e5-9848275c1b15,2,{'a8': {'size': 164}},0
d8639492-f762-11ea-b6e5-9848275c1b15,2,{'a7': {'size': 31}},0
d8639492-f762-11ea-b6e5-9848275c1b15,2,{'a5': {'size': 64}},0
d8639492-f762-11ea-b6e5-9848275c1b15,2,{'d0': {'size': 9}},1
d8639492-f762-11ea-b6e5-9848275c1b15,2,{'d7': {'size': 23}},1
d8639492-f762-11ea-b6e5-9848275c1b15,2,{'d8': {'size': 35}},3
d8639492-f762-11ea-b6e5-9848275c1b15,2,{'d8': {'size': 35}},3
d8639492-f762-11ea-b6e5-9848275c1b15,2,{'d8': {'size': 35}},3
d8639492-f762-11ea-b6e5-9848275c1b15,2,{'d8': {'size': 35}},3
dag_id,name,data,stage_id
d866bcaa-f762-11ea-8600-9848275c1b15,5,{'a8': {'size': 68}},0
d866bcaa-f762-11ea-8600-9848275c1b15,5,"{'a8': {'size': 164}, 'b8': {'size': 135}}",0
d866bcaa-f762-11ea-8600-9848275c1b15,5,{'a8': {'size': 164}},0
d866bcaa-f762-11ea-8600-9848275c1b15,5,{'b8': {'size': 150}},0
d866bcaa-f762-11ea-8600-9848275c1b15,5,{'a8': {'size': 164}},0
d866bcaa-f762-11ea-8600-9848275c1b15,5,{'a8': {'size': 55}},0
d866bcaa-f762-11ea-8600-9848275c1b15,5,{'a7': {'size': 31}},0
d866bcaa-f762-11ea-8600-9848275c1b15,5,"{'a8': {'size': 164}, 'b8': {'size': 144}}",0
d866bcaa-f762-11ea-8600-9848275c1b15,5,{'a5': {'size': 64}},0
d866bcaa-f762-11ea-8600-9848275c1b15,5,{'d0': {'size': 9}},1
d866bcaa-f762-11ea-8600-9848275c1b15,5,{'d7': {'size': 23}},1
d866bcaa-f762-11ea-8600-9848275c1b15,5,{'d8': {'size': 35}},3
d866bcaa-f762-11ea-8600-9848275c1b15,5,{'d8': {'size': 35}},3
d866bcaa-f762-11ea-8600-9848275c1b15,5,{'d8': {'size': 35}},3
d866bcaa-f762-11ea-8600-9848275c1b15,5,{'d8': {'size': 35}},3
dag_id,name,data,stage_id
d8644bb1-f762-11ea-9347-9848275c1b15,3,{'a8': {'size': 164}},0
d8644bb1-f762-11ea-9347-9848275c1b15,3,{'a8': {'size': 164}},0
d8644bb1-f762-11ea-9347-9848275c1b15,3,{'b8': {'size': 48}},0
d8644bb1-f762-11ea-9347-9848275c1b15,3,"{'a8': {'size': 66}, 'b8': {'size': 132}}",0
d8644bb1-f762-11ea-9347-9848275c1b15,3,{'a8': {'size': 55}},0
d8644bb1-f762-11ea-9347-9848275c1b15,3,{'a8': {'size': 68}},0
d8644bb1-f762-11ea-9347-9848275c1b15,3,{'a7': {'size': 31}},0
d8644bb1-f762-11ea-9347-9848275c1b15,3,"{'a8': {'size': 164}, 'b8': {'size': 144}}",0
d8644bb1-f762-11ea-9347-9848275c1b15,3,"{'a8': {'size': 164}, 'b8': {'size': 135}}",0
d8644bb1-f762-11ea-9347-9848275c1b15,3,{'a5': {'size': 64}},0
d8644bb1-f762-11ea-9347-9848275c1b15,3,{'b8': {'size': 150}},0
d8644bb1-f762-11ea-9347-9848275c1b15,3,{'d7': {'size': 23}},1
d8644bb1-f762-11ea-9347-9848275c1b15,3,{'d0': {'size': 9}},1
d8644bb1-f762-11ea-9347-9848275c1b15,3,{'d7': {'size': 23}},1
d8644bb1-f762-11ea-9347-9848275c1b15,3,{'d8': {'size': 35}},3
d8644bb1-f762-11ea-9347-9848275c1b15,3,{'d8': {'size': 35}},3
d8644bb1-f762-11ea-9347-9848275c1b15,3,{'d8': {'size': 35}},3
d8644bb1-f762-11ea-9347-9848275c1b15,3,{'d8': {'size': 35}},3
dag_id,name,data,stage_id
d86938a7-f762-11ea-a097-9848275c1b15,8,{'b8': {'size': 48}},0
d86938a7-f762-11ea-a097-9848275c1b15,8,{'a8': {'size': 164}},0
d86938a7-f762-11ea-a097-9848275c1b15,8,"{'a8': {'size': 66}, 'b8': {'size': 132}}",0
d86938a7-f762-11ea-a097-9848275c1b15,8,{'a8': {'size': 55}},0
d86938a7-f762-11ea-a097-9848275c1b15,8,{'a8': {'size': 68}},0
d86938a7-f762-11ea-a097-9848275c1b15,8,{'a7': {'size': 31}},0
d86938a7-f762-11ea-a097-9848275c1b15,8,"{'a8': {'size': 164}, 'b8': {'size': 144}}",0
d86938a7-f762-11ea-a097-9848275c1b15,8,"{'a8': {'size': 164}, 'b8': {'size': 135}}",0
d86938a7-f762-11ea-a097-9848275c1b15,8,{'a5': {'size': 64}},0
d86938a7-f762-11ea-a097-9848275c1b15,8,{'a8': {'size': 164}},0
d86938a7-f762-11ea-a097-9848275c1b15,8,{'b8': {'size': 150}},0
d86938a7-f762-11ea-a097-9848275c1b15,8,{'d7': {'size': 23}},1
d86938a7-f762-11ea-a097-9848275c1b15,8,{'d0': {'size': 9}},1
d86938a7-f762-11ea-a097-9848275c1b15,8,{'d8': {'size': 35}},3
dag_id,name,data,stage_id
d867cf57-f762-11ea-8bb4-9848275c1b15,6,{'a7': {'size': 31}},0
d867cf57-f762-11ea-8bb4-9848275c1b15,6,{'a8': {'size': 55}},0
d867cf57-f762-11ea-8bb4-9848275c1b15,6,{'a8': {'size': 68}},0
d867cf57-f762-11ea-8bb4-9848275c1b15,6,"{'a8': {'size': 164}, 'b8': {'size': 144}}",0
d867cf57-f762-11ea-8bb4-9848275c1b15,6,"{'a8': {'size': 164}, 'b8': {'size': 135}}",0
d867cf57-f762-11ea-8bb4-9848275c1b15,6,{'a5': {'size': 64}},0
d867cf57-f762-11ea-8bb4-9848275c1b15,6,{'a8': {'size': 164}},0
d867cf57-f762-11ea-8bb4-9848275c1b15,6,{'b8': {'size': 150}},0
d867cf57-f762-11ea-8bb4-9848275c1b15,6,{'d7': {'size': 23}},1
d867cf57-f762-11ea-8bb4-9848275c1b15,6,{'a8': {'size': 164}},0
d867cf57-f762-11ea-8bb4-9848275c1b15,6,{'d8': {'size': 35}},3
d867cf57-f762-11ea-8bb4-9848275c1b15,6,{'d8': {'size': 35}},3
d867cf57-f762-11ea-8bb4-9848275c1b15,6,{'d8': {'size': 35}},3
dag_id,name,data,stage_id
d8687e95-f762-11ea-a96e-9848275c1b15,7,{'a8': {'size': 55}},0
d8687e95-f762-11ea-a96e-9848275c1b15,7,"{'a8': {'size': 164}, 'b8': {'size': 144}}",0
d8687e95-f762-11ea-a96e-9848275c1b15,7,{'a8': {'size': 68}},0
d8687e95-f762-11ea-a96e-9848275c1b15,7,"{'a8': {'size': 164}, 'b8': {'size': 135}}",0
d8687e95-f762-11ea-a96e-9848275c1b15,7,{'a8': {'size': 164}},0
d8687e95-f762-11ea-a96e-9848275c1b15,7,{'d7': {'size': 23}},1
d8687e95-f762-11ea-a96e-9848275c1b15,7,{'b8': {'size': 150}},0
d8687e95-f762-11ea-a96e-9848275c1b15,7,{'a8': {'size': 164}},0
d8687e95-f762-11ea-a96e-9848275c1b15,7,{'a5': {'size': 64}},0
d8687e95-f762-11ea-a96e-9848275c1b15,7,{'d0': {'size': 9}},1
d8687e95-f762-11ea-a96e-9848275c1b15,7,{'d7': {'size': 23}},1
d8687e95-f762-11ea-a96e-9848275c1b15,7,{'d8': {'size': 35}},3
d8687e95-f762-11ea-a96e-9848275c1b15,7,{'d8': {'size': 35}},3










dag_id,name,data,stage_id
33e16b16-f767-11ea-a4f4-9848275c1b15,1,{'a8': {'size': 68}},0
33e16b16-f767-11ea-a4f4-9848275c1b15,1,"{'a8': {'size': 164}, 'b8': {'size': 135}}",0
dag_id,name,data,stage_id
33ea7076-f767-11ea-a4f4-9848275c1b15,10,{'b8': {'size': 48}},0
33ea7076-f767-11ea-a4f4-9848275c1b15,10,"{'a8': {'size': 66}, 'b8': {'size': 132}}",0
dag_id,name,data,stage_id
33da6fb9-f767-11ea-b4cf-9848275c1b15,2,{'a7': {'size': 31}},0
33da6fb9-f767-11ea-b4cf-9848275c1b15,2,"{'a7': {'size': 64}, 'b7': {'size': 38}}",0
33da6fb9-f767-11ea-b4cf-9848275c1b15,2,{'d7': {'size': 23}},1
dag_id,name,data,stage_id
33e82636-f767-11ea-a4f4-9848275c1b15,9,{'d0': {'size': 9}},1

dag_id,name,data,stage_id
33dd7f3d-f767-11ea-8809-9848275c1b15,5,{'a8': {'size': 55}},0
33dd7f3d-f767-11ea-8809-9848275c1b15,5,"{'a8': {'size': 164}, 'b8': {'size': 144}}",0
dag_id,name,data,stage_id
33dc15ff-f767-11ea-aa67-9848275c1b15,3,{'b8': {'size': 150}},0
dag_id,name,data,stage_id
33dfa282-f767-11ea-b83c-9848275c1b15,8,{'a8': {'size': 164}},0
33dfa282-f767-11ea-b83c-9848275c1b15,8,{'d8': {'size': 35}},3
dag_id,name,data,stage_id
33de3fa0-f767-11ea-8392-9848275c1b15,6,{'a8': {'size': 164}},0
33de3fa0-f767-11ea-8392-9848275c1b15,6,{'d8': {'size': 35}},3
dag_id,name,data,stage_id
33def0ec-f767-11ea-973a-9848275c1b15,7,{'e5': {'size': 62}},2
33def0ec-f767-11ea-973a-9848275c1b15,7,{'f5': {'size': 128}},3
dag_id,name,data,stage_id
ab8195cc-f769-11ea-a4f5-9848275c1b15,1,{'a8': {'size': 68}},0
ab8195cc-f769-11ea-a4f5-9848275c1b15,1,"{'a8': {'size': 164}, 'b8': {'size': 135}}",0
dag_id,name,data,stage_id
ab7c117b-f769-11ea-914e-9848275c1b15,10,{'b8': {'size': 48}},0
ab7c117b-f769-11ea-914e-9848275c1b15,10,"{'a8': {'size': 66}, 'b8': {'size': 132}}",0
dag_id,name,data,stage_id
ab6e8c35-f769-11ea-bb0e-9848275c1b15,2,{'a7': {'size': 31}},0
ab6e8c35-f769-11ea-bb0e-9848275c1b15,2,"{'a7': {'size': 64}, 'b7': {'size': 38}}",0
ab6e8c35-f769-11ea-bb0e-9848275c1b15,2,{'d7': {'size': 23}},1
dag_id,name,data,stage_id
ab76a056-f769-11ea-9951-9848275c1b15,9,{'d0': {'size': 9}},1

dag_id,name,data,stage_id
ab7208d3-f769-11ea-8144-9848275c1b15,5,{'a8': {'size': 55}},0
ab7208d3-f769-11ea-8144-9848275c1b15,5,"{'a8': {'size': 164}, 'b8': {'size': 144}}",0
dag_id,name,data,stage_id
ab6f4fe5-f769-11ea-a24f-9848275c1b15,3,{'b8': {'size': 150}},0
dag_id,name,data,stage_id
ab75e9f4-f769-11ea-b359-9848275c1b15,8,{'a8': {'size': 164}},0
ab75e9f4-f769-11ea-b359-9848275c1b15,8,{'d8': {'size': 35}},3
dag_id,name,data,stage_id
ab734fd7-f769-11ea-8929-9848275c1b15,6,{'a8': {'size': 164}},0
ab734fd7-f769-11ea-8929-9848275c1b15,6,{'d8': {'size': 35}},3
dag_id,name,data,stage_id
ab75adc4-f769-11ea-beaf-9848275c1b15,7,{'e5': {'size': 62}},2
ab75adc4-f769-11ea-beaf-9848275c1b15,7,{'f5': {'size': 128}},3

dag_id,name,data,stage_id
9e004e6c-f772-11ea-a4f5-9848275c1b15,2,{'a7': {'size': 31}},0

dag_id,name,data,stage_id
a22efaf6-f777-11ea-a4f5-9848275c1b15,2,{'d7': {'size': 23}},1
dag_id,name,data,stage_id
83f54d76-f77a-11ea-a4f5-9848275c1b15,2,{'d7': {'size': 23}},1
dag_id,name,data,stage_id
b4186bea-f77b-11ea-a4f5-9848275c1b15,2,{'d7': {'size': 23}},1
dag_id,name,data,stage_id
70c9e37c-f77c-11ea-a4f5-9848275c1b15,3,{'b1': {'size': 43}},0
70c9e37c-f77c-11ea-a4f5-9848275c1b15,3,{'a1': {'size': 1}},1
70c9e37c-f77c-11ea-a4f5-9848275c1b15,3,{'c1': {'size': 30}},2
dag_id,name,data,stage_id
223f5b00-f77d-11ea-a4f5-9848275c1b15,3,{'b1': {'size': 43}},0
223f5b00-f77d-11ea-a4f5-9848275c1b15,3,{'a1': {'size': 1}},1
223f5b00-f77d-11ea-a4f5-9848275c1b15,3,{'c1': {'size': 30}},2
dag_id,name,data,stage_id
61461c1c-f77d-11ea-a4f5-9848275c1b15,4,{'d4': {'size': 50}},1
dag_id,name,data,stage_id
e0f3c72c-f780-11ea-a4f5-9848275c1b15,5,{'d3': {'size': 7}},1
dag_id,name,data,stage_id
37eb048a-f783-11ea-a4f5-9848275c1b15,6,{'d8': {'size': 35}},3


dag_id,name,data,stage_id
ab3a0832-f792-11ea-a4f5-9848275c1b15,9,{'c0': {'size': 15}},0
ab3a0832-f792-11ea-a4f5-9848275c1b15,9,{'d0': {'size': 9}},1
ab3a0832-f792-11ea-a4f5-9848275c1b15,9,"{'d0': {'size': 14}, 'e0': {'size': 19}}",1
dag_id,name,data,stage_id
2bd87054-f794-11ea-a4f5-9848275c1b15,10,{'c1': {'size': 30}},1
