app_id,app_name,stage_id,input_sz,output_sz,rdds,n_tasks,runtime,name,bw,dataset,stride,rep
app-20200618121040-0131,name:wordcount-bw:40Gbps-ds:1G-stride:0-rep:0-lhphtemr,1,0,26655,"[6, 5]",64,11.0,wordcount,40Gbps,1G,0,0
app-20200618121040-0131,name:wordcount-bw:40Gbps-ds:1G-stride:0-rep:0-lhphtemr,0,1102238868,0,"[4, 3, 2, 0, 1]",8,8.0,wordcount,40Gbps,1G,0,0
app-20200618121119-0132,name:wordcount-bw:40Gbps-ds:1G-stride:4-rep:0-hijsvxjd,1,0,26655,"[6, 5]",64,8.0,wordcount,40Gbps,1G,4,0
app-20200618121119-0132,name:wordcount-bw:40Gbps-ds:1G-stride:4-rep:0-hijsvxjd,0,1102238868,0,"[4, 3, 2, 1, 0]",8,12.0,wordcount,40Gbps,1G,4,0
app-20200618121202-0133,name:wordcount-bw:40Gbps-ds:1G-stride:8-rep:0-fxlbnblb,1,0,26655,"[6, 5]",64,8.0,wordcount,40Gbps,1G,8,0
app-20200618121202-0133,name:wordcount-bw:40Gbps-ds:1G-stride:8-rep:0-fxlbnblb,0,1102238868,0,"[4, 1, 2, 3, 0]",8,9.0,wordcount,40Gbps,1G,8,0
app-20200618121238-0134,name:wordcount-bw:40Gbps-ds:1G-stride:16-rep:0-dkuszfdf,1,0,26655,"[6, 5]",64,9.0,wordcount,40Gbps,1G,16,0
app-20200618121238-0134,name:wordcount-bw:40Gbps-ds:1G-stride:16-rep:0-dkuszfdf,0,1102238868,0,"[4, 3, 1, 2, 0]",8,9.0,wordcount,40Gbps,1G,16,0
app-20200618121320-0135,name:wordcount-bw:40Gbps-ds:1G-stride:32-rep:0-ssbdfaou,1,0,26655,"[6, 5]",64,9.0,wordcount,40Gbps,1G,32,0
app-20200618121320-0135,name:wordcount-bw:40Gbps-ds:1G-stride:32-rep:0-ssbdfaou,0,1102238868,0,"[4, 2, 3, 0, 1]",8,9.0,wordcount,40Gbps,1G,32,0
app-20200618121357-0136,name:wordcount-bw:40Gbps-ds:1G-stride:48-rep:0-ovbvnwrh,1,0,26655,"[6, 5]",64,9.0,wordcount,40Gbps,1G,48,0
app-20200618121357-0136,name:wordcount-bw:40Gbps-ds:1G-stride:48-rep:0-ovbvnwrh,0,1102238868,0,"[4, 3, 1, 0, 2]",8,9.0,wordcount,40Gbps,1G,48,0
app-20200618121439-0137,name:wordcount-bw:40Gbps-ds:1G-stride:64-rep:0-zpvmezda,1,0,26655,"[6, 5]",64,7.0,wordcount,40Gbps,1G,64,0
app-20200618121439-0137,name:wordcount-bw:40Gbps-ds:1G-stride:64-rep:0-zpvmezda,0,1102238868,0,"[4, 0, 3, 1, 2]",8,8.0,wordcount,40Gbps,1G,64,0
app-20200618121520-0138,name:wordcount-bw:40Gbps-ds:1G-stride:80-rep:0-cwjvzmeg,1,0,26655,"[6, 5]",64,20.0,wordcount,40Gbps,1G,80,0
app-20200618121520-0138,name:wordcount-bw:40Gbps-ds:1G-stride:80-rep:0-cwjvzmeg,0,1102238868,0,"[4, 2, 3, 1, 0]",8,12.0,wordcount,40Gbps,1G,80,0
app-20200618121632-0139,name:wordcount-bw:40Gbps-ds:1G-stride:96-rep:0-evatoech,1,0,26655,"[6, 5]",64,9.0,wordcount,40Gbps,1G,96,0
app-20200618121632-0139,name:wordcount-bw:40Gbps-ds:1G-stride:96-rep:0-evatoech,0,1102238868,0,"[4, 1, 3, 0, 2]",8,7.0,wordcount,40Gbps,1G,96,0
app-20200618121715-0140,name:wordcount-bw:40Gbps-ds:1G-stride:128-rep:0-azsuxtkd,1,0,26655,"[6, 5]",64,8.0,wordcount,40Gbps,1G,128,0
app-20200618121715-0140,name:wordcount-bw:40Gbps-ds:1G-stride:128-rep:0-azsuxtkd,0,1102238868,0,"[4, 3, 1, 0, 2]",8,8.0,wordcount,40Gbps,1G,128,0
app-20200618121751-0141,name:wordcount-bw:40Gbps-ds:1G-stride:0-rep:1-yjvnbpsd,1,0,26655,"[6, 5]",64,10.0,wordcount,40Gbps,1G,0,1
app-20200618121751-0141,name:wordcount-bw:40Gbps-ds:1G-stride:0-rep:1-yjvnbpsd,0,1102238868,0,"[4, 2, 0, 1, 3]",8,9.0,wordcount,40Gbps,1G,0,1
app-20200618121834-0142,name:wordcount-bw:40Gbps-ds:1G-stride:4-rep:1-fqpudkss,1,0,26655,"[6, 5]",64,9.0,wordcount,40Gbps,1G,4,1
app-20200618121834-0142,name:wordcount-bw:40Gbps-ds:1G-stride:4-rep:1-fqpudkss,0,1102238868,0,"[4, 2, 0, 3, 1]",8,8.0,wordcount,40Gbps,1G,4,1
app-20200618121912-0143,name:wordcount-bw:40Gbps-ds:1G-stride:8-rep:1-ghryoitd,1,0,26655,"[6, 5]",64,8.0,wordcount,40Gbps,1G,8,1
app-20200618121912-0143,name:wordcount-bw:40Gbps-ds:1G-stride:8-rep:1-ghryoitd,0,1102238868,0,"[4, 0, 3, 2, 1]",8,8.0,wordcount,40Gbps,1G,8,1
app-20200618121948-0144,name:wordcount-bw:40Gbps-ds:1G-stride:16-rep:1-gadszkvd,1,0,26655,"[6, 5]",64,8.0,wordcount,40Gbps,1G,16,1
app-20200618121948-0144,name:wordcount-bw:40Gbps-ds:1G-stride:16-rep:1-gadszkvd,0,1102238868,0,"[4, 0, 2, 3, 1]",8,10.0,wordcount,40Gbps,1G,16,1
app-20200618122031-0145,name:wordcount-bw:40Gbps-ds:1G-stride:32-rep:1-cubbdgob,1,0,26655,"[6, 5]",64,14.0,wordcount,40Gbps,1G,32,1
app-20200618122031-0145,name:wordcount-bw:40Gbps-ds:1G-stride:32-rep:1-cubbdgob,0,1102238868,0,"[4, 2, 3, 1, 0]",8,13.0,wordcount,40Gbps,1G,32,1
app-20200618122126-0146,name:wordcount-bw:40Gbps-ds:1G-stride:48-rep:1-fsxvpdmc,1,0,26655,"[6, 5]",64,10.0,wordcount,40Gbps,1G,48,1
app-20200618122126-0146,name:wordcount-bw:40Gbps-ds:1G-stride:48-rep:1-fsxvpdmc,0,1102238868,0,"[4, 2, 0, 3, 1]",8,10.0,wordcount,40Gbps,1G,48,1
app-20200618122210-0147,name:wordcount-bw:40Gbps-ds:1G-stride:64-rep:1-vufxpain,1,0,26655,"[6, 5]",64,9.0,wordcount,40Gbps,1G,64,1
app-20200618122210-0147,name:wordcount-bw:40Gbps-ds:1G-stride:64-rep:1-vufxpain,0,1102238868,0,"[4, 1, 0, 3, 2]",8,9.0,wordcount,40Gbps,1G,64,1
app-20200618122252-0148,name:wordcount-bw:40Gbps-ds:1G-stride:80-rep:1-uqthkdhz,1,0,26655,"[6, 5]",64,9.0,wordcount,40Gbps,1G,80,1
app-20200618122252-0148,name:wordcount-bw:40Gbps-ds:1G-stride:80-rep:1-uqthkdhz,0,1102238868,0,"[4, 2, 3, 1, 0]",8,9.0,wordcount,40Gbps,1G,80,1
app-20200618122334-0149,name:wordcount-bw:40Gbps-ds:1G-stride:96-rep:1-bvzpfmmn,1,0,26655,"[6, 5]",64,9.0,wordcount,40Gbps,1G,96,1
app-20200618122334-0149,name:wordcount-bw:40Gbps-ds:1G-stride:96-rep:1-bvzpfmmn,0,1102238868,0,"[4, 3, 0, 1, 2]",8,9.0,wordcount,40Gbps,1G,96,1
app-20200618122410-0150,name:wordcount-bw:40Gbps-ds:1G-stride:128-rep:1-depdkner,1,0,26655,"[6, 5]",64,9.0,wordcount,40Gbps,1G,128,1
app-20200618122410-0150,name:wordcount-bw:40Gbps-ds:1G-stride:128-rep:1-depdkner,0,1102238868,0,"[4, 0, 2, 3, 1]",8,6.0,wordcount,40Gbps,1G,128,1
app-20200618122450-0151,name:wordcount-bw:40Gbps-ds:1G-stride:0-rep:2-zhovyfii,1,0,26655,"[6, 5]",64,9.0,wordcount,40Gbps,1G,0,2
app-20200618122450-0151,name:wordcount-bw:40Gbps-ds:1G-stride:0-rep:2-zhovyfii,0,1102238868,0,"[4, 1, 0, 3, 2]",8,8.0,wordcount,40Gbps,1G,0,2
app-20200618122531-0152,name:wordcount-bw:40Gbps-ds:1G-stride:4-rep:2-vlmrixlp,1,0,26655,"[6, 5]",64,11.0,wordcount,40Gbps,1G,4,2
app-20200618122531-0152,name:wordcount-bw:40Gbps-ds:1G-stride:4-rep:2-vlmrixlp,0,1102238868,0,"[4, 2, 3, 1, 0]",8,8.0,wordcount,40Gbps,1G,4,2
app-20200618122611-0153,name:wordcount-bw:40Gbps-ds:1G-stride:8-rep:2-cllcodhg,1,0,26655,"[6, 5]",64,13.0,wordcount,40Gbps,1G,8,2
app-20200618122611-0153,name:wordcount-bw:40Gbps-ds:1G-stride:8-rep:2-cllcodhg,0,1102238868,0,"[4, 3, 2, 0, 1]",8,8.0,wordcount,40Gbps,1G,8,2
app-20200618122659-0154,name:wordcount-bw:40Gbps-ds:1G-stride:16-rep:2-txkejozs,1,0,26655,"[6, 5]",64,9.0,wordcount,40Gbps,1G,16,2
app-20200618122659-0154,name:wordcount-bw:40Gbps-ds:1G-stride:16-rep:2-txkejozs,0,1102238868,0,"[4, 0, 3, 2, 1]",8,12.0,wordcount,40Gbps,1G,16,2
app-20200618122744-0155,name:wordcount-bw:40Gbps-ds:1G-stride:32-rep:2-hjzkvptu,1,0,26655,"[6, 5]",64,9.0,wordcount,40Gbps,1G,32,2
app-20200618122744-0155,name:wordcount-bw:40Gbps-ds:1G-stride:32-rep:2-hjzkvptu,0,1102238868,0,"[4, 3, 2, 1, 0]",8,8.0,wordcount,40Gbps,1G,32,2
app-20200618122821-0156,name:wordcount-bw:40Gbps-ds:1G-stride:48-rep:2-eowrmenx,1,0,26655,"[6, 5]",64,9.0,wordcount,40Gbps,1G,48,2
app-20200618122821-0156,name:wordcount-bw:40Gbps-ds:1G-stride:48-rep:2-eowrmenx,0,1102238868,0,"[4, 0, 1, 3, 2]",8,8.0,wordcount,40Gbps,1G,48,2
app-20200618122902-0157,name:wordcount-bw:40Gbps-ds:1G-stride:64-rep:2-mqjaloyu,1,0,26655,"[6, 5]",64,7.0,wordcount,40Gbps,1G,64,2
app-20200618122902-0157,name:wordcount-bw:40Gbps-ds:1G-stride:64-rep:2-mqjaloyu,0,1102238868,0,"[4, 2, 1, 3, 0]",8,9.0,wordcount,40Gbps,1G,64,2
app-20200618122943-0158,name:wordcount-bw:40Gbps-ds:1G-stride:80-rep:2-lhdijubv,1,0,26655,"[6, 5]",64,9.0,wordcount,40Gbps,1G,80,2
app-20200618122943-0158,name:wordcount-bw:40Gbps-ds:1G-stride:80-rep:2-lhdijubv,0,1102238868,0,"[4, 2, 3, 1, 0]",8,9.0,wordcount,40Gbps,1G,80,2
app-20200618123025-0159,name:wordcount-bw:40Gbps-ds:1G-stride:96-rep:2-rnjgnbvr,1,0,26655,"[6, 5]",64,11.0,wordcount,40Gbps,1G,96,2
app-20200618123025-0159,name:wordcount-bw:40Gbps-ds:1G-stride:96-rep:2-rnjgnbvr,0,1102238868,0,"[4, 3, 2, 0, 1]",8,9.0,wordcount,40Gbps,1G,96,2
app-20200618123114-0160,name:wordcount-bw:40Gbps-ds:1G-stride:128-rep:2-dwmbnjwm,1,0,26655,"[6, 5]",64,9.0,wordcount,40Gbps,1G,128,2
app-20200618123114-0160,name:wordcount-bw:40Gbps-ds:1G-stride:128-rep:2-dwmbnjwm,0,1102238868,0,"[4, 2, 1, 0, 3]",8,9.0,wordcount,40Gbps,1G,128,2
app-20200618123228-0161,name:wordcount-bw:40Gbps-ds:4G-stride:0-rep:0-cirfahwo,1,0,27655,"[6, 5]",64,8.0,wordcount,40Gbps,4G,0,0
app-20200618123228-0161,name:wordcount-bw:40Gbps-ds:4G-stride:0-rep:0-cirfahwo,0,4408948978,0,"[4, 3, 2, 0, 1]",8,22.0,wordcount,40Gbps,4G,0,0
app-20200618123318-0162,name:wordcount-bw:40Gbps-ds:4G-stride:4-rep:0-luximigd,1,0,27655,"[6, 5]",64,11.0,wordcount,40Gbps,4G,4,0
app-20200618123318-0162,name:wordcount-bw:40Gbps-ds:4G-stride:4-rep:0-luximigd,0,4408948978,0,"[4, 1, 0, 2, 3]",8,24.0,wordcount,40Gbps,4G,4,0
app-20200618123420-0163,name:wordcount-bw:40Gbps-ds:4G-stride:8-rep:0-rsjuhtjt,1,0,27655,"[6, 5]",64,7.0,wordcount,40Gbps,4G,8,0
app-20200618123420-0163,name:wordcount-bw:40Gbps-ds:4G-stride:8-rep:0-rsjuhtjt,0,4408948978,0,"[4, 0, 2, 3, 1]",8,21.0,wordcount,40Gbps,4G,8,0
app-20200618123510-0164,name:wordcount-bw:40Gbps-ds:4G-stride:16-rep:0-nhgxjeze,1,0,27655,"[6, 5]",64,13.0,wordcount,40Gbps,4G,16,0
app-20200618123510-0164,name:wordcount-bw:40Gbps-ds:4G-stride:16-rep:0-nhgxjeze,0,4408948978,0,"[4, 3, 2, 0, 1]",8,22.0,wordcount,40Gbps,4G,16,0
app-20200618123611-0165,name:wordcount-bw:40Gbps-ds:4G-stride:32-rep:0-icudmflg,1,0,27655,"[6, 5]",64,6.0,wordcount,40Gbps,4G,32,0
app-20200618123611-0165,name:wordcount-bw:40Gbps-ds:4G-stride:32-rep:0-icudmflg,0,4408948978,0,"[4, 1, 3, 0, 2]",8,21.0,wordcount,40Gbps,4G,32,0
app-20200618123659-0166,name:wordcount-bw:40Gbps-ds:4G-stride:48-rep:0-ibffjtjm,1,0,27655,"[6, 5]",64,9.0,wordcount,40Gbps,4G,48,0
app-20200618123659-0166,name:wordcount-bw:40Gbps-ds:4G-stride:48-rep:0-ibffjtjm,0,4408948978,0,"[4, 3, 1, 2, 0]",8,22.0,wordcount,40Gbps,4G,48,0
app-20200618123749-0167,name:wordcount-bw:40Gbps-ds:4G-stride:64-rep:0-hknalupk,1,0,27655,"[6, 5]",64,9.0,wordcount,40Gbps,4G,64,0
app-20200618123749-0167,name:wordcount-bw:40Gbps-ds:4G-stride:64-rep:0-hknalupk,0,4408948978,0,"[4, 3, 1, 0, 2]",8,22.0,wordcount,40Gbps,4G,64,0
app-20200618123840-0168,name:wordcount-bw:40Gbps-ds:4G-stride:80-rep:0-lbaxqryw,1,0,27655,"[6, 5]",64,9.0,wordcount,40Gbps,4G,80,0
app-20200618123840-0168,name:wordcount-bw:40Gbps-ds:4G-stride:80-rep:0-lbaxqryw,0,4408948978,0,"[4, 2, 1, 0, 3]",8,23.0,wordcount,40Gbps,4G,80,0
app-20200618123933-0169,name:wordcount-bw:40Gbps-ds:4G-stride:96-rep:0-yzpguopf,1,0,27655,"[6, 5]",64,10.0,wordcount,40Gbps,4G,96,0
app-20200618123933-0169,name:wordcount-bw:40Gbps-ds:4G-stride:96-rep:0-yzpguopf,0,4408948978,0,"[4, 3, 1, 2, 0]",8,20.0,wordcount,40Gbps,4G,96,0
app-20200618124023-0170,name:wordcount-bw:40Gbps-ds:4G-stride:128-rep:0-vbddwwtx,1,0,27655,"[6, 5]",64,18.0,wordcount,40Gbps,4G,128,0
app-20200618124023-0170,name:wordcount-bw:40Gbps-ds:4G-stride:128-rep:0-vbddwwtx,0,4408948978,0,"[4, 2, 1, 0, 3]",8,22.0,wordcount,40Gbps,4G,128,0
app-20200618124122-0171,name:wordcount-bw:40Gbps-ds:4G-stride:0-rep:1-xvhbrxof,1,0,27655,"[6, 5]",64,8.0,wordcount,40Gbps,4G,0,1
app-20200618124122-0171,name:wordcount-bw:40Gbps-ds:4G-stride:0-rep:1-xvhbrxof,0,4408948978,0,"[4, 1, 2, 0, 3]",8,22.0,wordcount,40Gbps,4G,0,1
app-20200618124211-0172,name:wordcount-bw:40Gbps-ds:4G-stride:4-rep:1-otydosig,1,0,27655,"[6, 5]",64,9.0,wordcount,40Gbps,4G,4,1
app-20200618124211-0172,name:wordcount-bw:40Gbps-ds:4G-stride:4-rep:1-otydosig,0,4408948978,0,"[4, 0, 1, 2, 3]",8,22.0,wordcount,40Gbps,4G,4,1
app-20200618124301-0173,name:wordcount-bw:40Gbps-ds:4G-stride:8-rep:1-bwvriruo,1,0,27655,"[6, 5]",64,8.0,wordcount,40Gbps,4G,8,1
app-20200618124301-0173,name:wordcount-bw:40Gbps-ds:4G-stride:8-rep:1-bwvriruo,0,4408948978,0,"[4, 3, 1, 0, 2]",8,21.0,wordcount,40Gbps,4G,8,1
app-20200618124354-0174,name:wordcount-bw:40Gbps-ds:4G-stride:16-rep:1-ajnjpjkm,1,0,27655,"[6, 5]",64,7.0,wordcount,40Gbps,4G,16,1
app-20200618124354-0174,name:wordcount-bw:40Gbps-ds:4G-stride:16-rep:1-ajnjpjkm,0,4408948978,0,"[4, 0, 1, 3, 2]",8,23.0,wordcount,40Gbps,4G,16,1
app-20200618124443-0175,name:wordcount-bw:40Gbps-ds:4G-stride:32-rep:1-qpldpbpg,1,0,27655,"[6, 5]",64,9.0,wordcount,40Gbps,4G,32,1
app-20200618124443-0175,name:wordcount-bw:40Gbps-ds:4G-stride:32-rep:1-qpldpbpg,0,4408948978,0,"[4, 3, 2, 0, 1]",8,21.0,wordcount,40Gbps,4G,32,1
app-20200618124533-0176,name:wordcount-bw:40Gbps-ds:4G-stride:48-rep:1-lkfqfgbg,1,0,27655,"[6, 5]",64,12.0,wordcount,40Gbps,4G,48,1
app-20200618124533-0176,name:wordcount-bw:40Gbps-ds:4G-stride:48-rep:1-lkfqfgbg,0,4408948978,0,"[4, 3, 1, 2, 0]",8,22.0,wordcount,40Gbps,4G,48,1
app-20200618124630-0177,name:wordcount-bw:40Gbps-ds:4G-stride:64-rep:1-qktolwkq,1,0,27655,"[6, 5]",64,10.0,wordcount,40Gbps,4G,64,1
app-20200618124630-0177,name:wordcount-bw:40Gbps-ds:4G-stride:64-rep:1-qktolwkq,0,4408948978,0,"[4, 3, 0, 1, 2]",8,17.0,wordcount,40Gbps,4G,64,1
app-20200618124720-0178,name:wordcount-bw:40Gbps-ds:4G-stride:80-rep:1-wzxbaivf,1,0,27655,"[6, 5]",64,7.0,wordcount,40Gbps,4G,80,1
app-20200618124720-0178,name:wordcount-bw:40Gbps-ds:4G-stride:80-rep:1-wzxbaivf,0,4408948978,0,"[4, 3, 2, 1, 0]",8,21.0,wordcount,40Gbps,4G,80,1
app-20200618124814-0179,name:wordcount-bw:40Gbps-ds:4G-stride:96-rep:1-szhlxehu,1,0,27655,"[6, 5]",64,7.0,wordcount,40Gbps,4G,96,1
app-20200618124814-0179,name:wordcount-bw:40Gbps-ds:4G-stride:96-rep:1-szhlxehu,0,4408948978,0,"[4, 3, 0, 1, 2]",8,17.0,wordcount,40Gbps,4G,96,1
app-20200618124858-0180,name:wordcount-bw:40Gbps-ds:4G-stride:128-rep:1-hrabwqgq,1,0,27655,"[6, 5]",64,8.0,wordcount,40Gbps,4G,128,1
app-20200618124858-0180,name:wordcount-bw:40Gbps-ds:4G-stride:128-rep:1-hrabwqgq,0,4408948978,0,"[4, 3, 2, 0, 1]",8,21.0,wordcount,40Gbps,4G,128,1
app-20200618124947-0181,name:wordcount-bw:40Gbps-ds:4G-stride:0-rep:2-yvitrieb,1,0,27655,"[6, 5]",64,12.0,wordcount,40Gbps,4G,0,2
app-20200618124947-0181,name:wordcount-bw:40Gbps-ds:4G-stride:0-rep:2-yvitrieb,0,4408948978,0,"[4, 2, 1, 3, 0]",8,23.0,wordcount,40Gbps,4G,0,2
app-20200618125048-0182,name:wordcount-bw:40Gbps-ds:4G-stride:4-rep:2-jogjywjp,1,0,27655,"[6, 5]",64,10.0,wordcount,40Gbps,4G,4,2
app-20200618125048-0182,name:wordcount-bw:40Gbps-ds:4G-stride:4-rep:2-jogjywjp,0,4408948978,0,"[4, 0, 1, 3, 2]",8,28.0,wordcount,40Gbps,4G,4,2
app-20200618125149-0183,name:wordcount-bw:40Gbps-ds:4G-stride:8-rep:2-qlftnsjo,1,0,27655,"[6, 5]",64,7.0,wordcount,40Gbps,4G,8,2
app-20200618125149-0183,name:wordcount-bw:40Gbps-ds:4G-stride:8-rep:2-qlftnsjo,0,4408948978,0,"[4, 3, 2, 1, 0]",8,23.0,wordcount,40Gbps,4G,8,2
app-20200618125239-0184,name:wordcount-bw:40Gbps-ds:4G-stride:16-rep:2-lvguwdrd,1,0,27655,"[6, 5]",64,8.0,wordcount,40Gbps,4G,16,2
app-20200618125239-0184,name:wordcount-bw:40Gbps-ds:4G-stride:16-rep:2-lvguwdrd,0,4408948978,0,"[4, 1, 3, 0, 2]",8,21.0,wordcount,40Gbps,4G,16,2
app-20200618125328-0185,name:wordcount-bw:40Gbps-ds:4G-stride:32-rep:2-rsmvtojn,1,0,27655,"[6, 5]",64,7.0,wordcount,40Gbps,4G,32,2
app-20200618125328-0185,name:wordcount-bw:40Gbps-ds:4G-stride:32-rep:2-rsmvtojn,0,4408948978,0,"[4, 3, 1, 0, 2]",8,22.0,wordcount,40Gbps,4G,32,2
app-20200618125417-0186,name:wordcount-bw:40Gbps-ds:4G-stride:48-rep:2-grblahli,1,0,27655,"[6, 5]",64,9.0,wordcount,40Gbps,4G,48,2
app-20200618125417-0186,name:wordcount-bw:40Gbps-ds:4G-stride:48-rep:2-grblahli,0,4408948978,0,"[4, 1, 3, 0, 2]",8,22.0,wordcount,40Gbps,4G,48,2
app-20200618125522-0187,name:wordcount-bw:40Gbps-ds:4G-stride:64-rep:2-lnnxswpb,1,0,27655,"[6, 5]",64,12.0,wordcount,40Gbps,4G,64,2
app-20200618125522-0187,name:wordcount-bw:40Gbps-ds:4G-stride:64-rep:2-lnnxswpb,0,4408948978,0,"[4, 3, 2, 0, 1]",8,21.0,wordcount,40Gbps,4G,64,2
app-20200618125634-0188,name:wordcount-bw:40Gbps-ds:4G-stride:80-rep:2-erhbupov,1,0,27655,"[6, 5]",64,13.0,wordcount,40Gbps,4G,80,2
app-20200618125634-0188,name:wordcount-bw:40Gbps-ds:4G-stride:80-rep:2-erhbupov,0,4408948978,0,"[4, 1, 2, 3, 0]",8,18.0,wordcount,40Gbps,4G,80,2
app-20200618125734-0189,name:wordcount-bw:40Gbps-ds:4G-stride:96-rep:2-fytamizi,1,0,27655,"[6, 5]",64,10.0,wordcount,40Gbps,4G,96,2
app-20200618125734-0189,name:wordcount-bw:40Gbps-ds:4G-stride:96-rep:2-fytamizi,0,4408948978,0,"[4, 3, 1, 2, 0]",8,23.0,wordcount,40Gbps,4G,96,2
app-20200618125945-0191,name:wordcount-bw:40Gbps-ds:16G-stride:0-rep:0-rkmlkxbe,1,0,28655,"[6, 5]",64,6.0,wordcount,40Gbps,16G,0,0
app-20200618125945-0191,name:wordcount-bw:40Gbps-ds:16G-stride:0-rep:0-rkmlkxbe,0,17635772327,0,"[4, 3, 2, 1, 0]",32,26.0,wordcount,40Gbps,16G,0,0
app-20200618130059-0192,name:wordcount-bw:40Gbps-ds:16G-stride:4-rep:0-fgtzejit,1,0,28655,"[6, 5]",64,15.0,wordcount,40Gbps,16G,4,0
app-20200618130059-0192,name:wordcount-bw:40Gbps-ds:16G-stride:4-rep:0-fgtzejit,0,17635772327,0,"[4, 0, 3, 2, 1]",32,25.0,wordcount,40Gbps,16G,4,0
app-20200618130210-0193,name:wordcount-bw:40Gbps-ds:16G-stride:8-rep:0-nphqthfk,1,0,28655,"[6, 5]",64,4.0,wordcount,40Gbps,16G,8,0
app-20200618130210-0193,name:wordcount-bw:40Gbps-ds:16G-stride:8-rep:0-nphqthfk,0,17635772327,0,"[4, 3, 2, 1, 0]",32,27.0,wordcount,40Gbps,16G,8,0
app-20200618130303-0194,name:wordcount-bw:40Gbps-ds:16G-stride:16-rep:0-gnzbhkic,1,0,28655,"[6, 5]",64,5.0,wordcount,40Gbps,16G,16,0
app-20200618130303-0194,name:wordcount-bw:40Gbps-ds:16G-stride:16-rep:0-gnzbhkic,0,17635772327,0,"[4, 3, 1, 2, 0]",32,26.0,wordcount,40Gbps,16G,16,0
app-20200618130355-0195,name:wordcount-bw:40Gbps-ds:16G-stride:32-rep:0-dcrfccsk,1,0,28655,"[6, 5]",64,4.0,wordcount,40Gbps,16G,32,0
app-20200618130355-0195,name:wordcount-bw:40Gbps-ds:16G-stride:32-rep:0-dcrfccsk,0,17635772327,0,"[4, 3, 2, 1, 0]",32,25.0,wordcount,40Gbps,16G,32,0
app-20200618130445-0196,name:wordcount-bw:40Gbps-ds:16G-stride:48-rep:0-trehvfad,1,0,28655,"[6, 5]",64,5.0,wordcount,40Gbps,16G,48,0
app-20200618130445-0196,name:wordcount-bw:40Gbps-ds:16G-stride:48-rep:0-trehvfad,0,17635772327,0,"[4, 2, 1, 3, 0]",32,25.0,wordcount,40Gbps,16G,48,0
app-20200618130541-0197,name:wordcount-bw:40Gbps-ds:16G-stride:64-rep:0-uekdjglc,1,0,28655,"[6, 5]",64,8.0,wordcount,40Gbps,16G,64,0
app-20200618130541-0197,name:wordcount-bw:40Gbps-ds:16G-stride:64-rep:0-uekdjglc,0,17635772327,0,"[4, 1, 3, 2, 0]",32,24.0,wordcount,40Gbps,16G,64,0
app-20200618130639-0198,name:wordcount-bw:40Gbps-ds:16G-stride:80-rep:0-kvrmskao,1,0,28655,"[6, 5]",64,6.0,wordcount,40Gbps,16G,80,0
app-20200618130639-0198,name:wordcount-bw:40Gbps-ds:16G-stride:80-rep:0-kvrmskao,0,17635772327,0,"[4, 2, 0, 1, 3]",32,25.0,wordcount,40Gbps,16G,80,0
app-20200618130733-0199,name:wordcount-bw:40Gbps-ds:16G-stride:96-rep:0-pzxxoajb,1,0,28655,"[6, 5]",64,8.0,wordcount,40Gbps,16G,96,0
app-20200618130733-0199,name:wordcount-bw:40Gbps-ds:16G-stride:96-rep:0-pzxxoajb,0,17635772327,0,"[4, 2, 0, 3, 1]",32,25.0,wordcount,40Gbps,16G,96,0
app-20200618130831-0200,name:wordcount-bw:40Gbps-ds:16G-stride:128-rep:0-xpyqpwdv,1,0,28655,"[6, 5]",64,7.0,wordcount,40Gbps,16G,128,0
app-20200618130831-0200,name:wordcount-bw:40Gbps-ds:16G-stride:128-rep:0-xpyqpwdv,0,17635772327,0,"[4, 1, 0, 3, 2]",32,25.0,wordcount,40Gbps,16G,128,0
app-20200618130928-0201,name:wordcount-bw:40Gbps-ds:16G-stride:0-rep:1-ljzmyhlk,1,0,28655,"[6, 5]",64,6.0,wordcount,40Gbps,16G,0,1
app-20200618130928-0201,name:wordcount-bw:40Gbps-ds:16G-stride:0-rep:1-ljzmyhlk,0,17635772327,0,"[4, 3, 1, 2, 0]",32,27.0,wordcount,40Gbps,16G,0,1
app-20200618131021-0202,name:wordcount-bw:40Gbps-ds:16G-stride:4-rep:1-rpnemmul,1,0,28655,"[6, 5]",64,5.0,wordcount,40Gbps,16G,4,1
app-20200618131021-0202,name:wordcount-bw:40Gbps-ds:16G-stride:4-rep:1-rpnemmul,0,17635772327,0,"[4, 3, 0, 1, 2]",32,25.0,wordcount,40Gbps,16G,4,1
app-20200618131118-0203,name:wordcount-bw:40Gbps-ds:16G-stride:8-rep:1-jxqhsggg,1,0,28655,"[6, 5]",64,6.0,wordcount,40Gbps,16G,8,1
app-20200618131118-0203,name:wordcount-bw:40Gbps-ds:16G-stride:8-rep:1-jxqhsggg,0,17635772327,0,"[4, 2, 1, 3, 0]",32,26.0,wordcount,40Gbps,16G,8,1
app-20200618131210-0204,name:wordcount-bw:40Gbps-ds:16G-stride:16-rep:1-mhqoufik,1,0,28655,"[6, 5]",64,6.0,wordcount,40Gbps,16G,16,1
app-20200618131210-0204,name:wordcount-bw:40Gbps-ds:16G-stride:16-rep:1-mhqoufik,0,17635772327,0,"[4, 2, 0, 3, 1]",32,26.0,wordcount,40Gbps,16G,16,1
app-20200618131302-0205,name:wordcount-bw:40Gbps-ds:16G-stride:32-rep:1-alncjirk,1,0,28655,"[6, 5]",64,7.0,wordcount,40Gbps,16G,32,1
app-20200618131302-0205,name:wordcount-bw:40Gbps-ds:16G-stride:32-rep:1-alncjirk,0,17635772327,0,"[4, 3, 2, 0, 1]",32,24.0,wordcount,40Gbps,16G,32,1
app-20200618131355-0206,name:wordcount-bw:40Gbps-ds:16G-stride:48-rep:1-ejegcwaa,1,0,28655,"[6, 5]",64,7.0,wordcount,40Gbps,16G,48,1
app-20200618131355-0206,name:wordcount-bw:40Gbps-ds:16G-stride:48-rep:1-ejegcwaa,0,17635772327,0,"[4, 1, 2, 3, 0]",32,27.0,wordcount,40Gbps,16G,48,1
app-20200618131454-0207,name:wordcount-bw:40Gbps-ds:16G-stride:64-rep:1-etkbsosl,1,0,28655,"[6, 5]",64,9.0,wordcount,40Gbps,16G,64,1
app-20200618131454-0207,name:wordcount-bw:40Gbps-ds:16G-stride:64-rep:1-etkbsosl,0,17635772327,0,"[4, 3, 1, 2, 0]",32,26.0,wordcount,40Gbps,16G,64,1
app-20200618131610-0208,name:wordcount-bw:40Gbps-ds:16G-stride:80-rep:1-kkminziq,1,0,28655,"[6, 5]",64,8.0,wordcount,40Gbps,16G,80,1
app-20200618131610-0208,name:wordcount-bw:40Gbps-ds:16G-stride:80-rep:1-kkminziq,0,17635772327,0,"[4, 1, 0, 2, 3]",32,25.0,wordcount,40Gbps,16G,80,1
app-20200618131707-0209,name:wordcount-bw:40Gbps-ds:16G-stride:96-rep:1-bdyysyzt,1,0,28655,"[6, 5]",64,5.0,wordcount,40Gbps,16G,96,1
app-20200618131707-0209,name:wordcount-bw:40Gbps-ds:16G-stride:96-rep:1-bdyysyzt,0,17635772327,0,"[4, 1, 2, 3, 0]",32,28.0,wordcount,40Gbps,16G,96,1
app-20200618131806-0210,name:wordcount-bw:40Gbps-ds:16G-stride:128-rep:1-yytndvsn,1,0,28655,"[6, 5]",64,7.0,wordcount,40Gbps,16G,128,1
app-20200618131806-0210,name:wordcount-bw:40Gbps-ds:16G-stride:128-rep:1-yytndvsn,0,17635772327,0,"[4, 0, 3, 2, 1]",32,25.0,wordcount,40Gbps,16G,128,1
app-20200618131859-0211,name:wordcount-bw:40Gbps-ds:16G-stride:0-rep:2-fslgzslu,1,0,28655,"[6, 5]",64,5.0,wordcount,40Gbps,16G,0,2
app-20200618131859-0211,name:wordcount-bw:40Gbps-ds:16G-stride:0-rep:2-fslgzslu,0,17635772327,0,"[4, 1, 0, 2, 3]",32,25.0,wordcount,40Gbps,16G,0,2
app-20200618131955-0212,name:wordcount-bw:40Gbps-ds:16G-stride:4-rep:2-nifmmnbb,1,0,28655,"[6, 5]",64,6.0,wordcount,40Gbps,16G,4,2
app-20200618131955-0212,name:wordcount-bw:40Gbps-ds:16G-stride:4-rep:2-nifmmnbb,0,17635772327,0,"[4, 3, 2, 1, 0]",32,31.0,wordcount,40Gbps,16G,4,2
app-20200618132057-0213,name:wordcount-bw:40Gbps-ds:16G-stride:8-rep:2-eokepawm,1,0,28655,"[6, 5]",64,5.0,wordcount,40Gbps,16G,8,2
app-20200618132057-0213,name:wordcount-bw:40Gbps-ds:16G-stride:8-rep:2-eokepawm,0,17635772327,0,"[4, 3, 1, 0, 2]",32,33.0,wordcount,40Gbps,16G,8,2
app-20200618132157-0214,name:wordcount-bw:40Gbps-ds:16G-stride:16-rep:2-byisspde,1,0,28655,"[6, 5]",64,6.0,wordcount,40Gbps,16G,16,2
app-20200618132157-0214,name:wordcount-bw:40Gbps-ds:16G-stride:16-rep:2-byisspde,0,17635772327,0,"[4, 2, 1, 3, 0]",32,25.0,wordcount,40Gbps,16G,16,2
app-20200618132248-0215,name:wordcount-bw:40Gbps-ds:16G-stride:32-rep:2-pajuoxaj,1,0,28655,"[6, 5]",64,8.0,wordcount,40Gbps,16G,32,2
app-20200618132248-0215,name:wordcount-bw:40Gbps-ds:16G-stride:32-rep:2-pajuoxaj,0,17635772327,0,"[4, 3, 2, 0, 1]",32,25.0,wordcount,40Gbps,16G,32,2
app-20200618132347-0216,name:wordcount-bw:40Gbps-ds:16G-stride:48-rep:2-jrxgcigl,1,0,28655,"[6, 5]",64,5.0,wordcount,40Gbps,16G,48,2
app-20200618132347-0216,name:wordcount-bw:40Gbps-ds:16G-stride:48-rep:2-jrxgcigl,0,17635772327,0,"[4, 0, 2, 3, 1]",32,25.0,wordcount,40Gbps,16G,48,2
app-20200618132442-0217,name:wordcount-bw:40Gbps-ds:16G-stride:64-rep:2-biwupmfb,1,0,28655,"[6, 5]",64,6.0,wordcount,40Gbps,16G,64,2
app-20200618132442-0217,name:wordcount-bw:40Gbps-ds:16G-stride:64-rep:2-biwupmfb,0,17635772327,0,"[4, 1, 2, 3, 0]",32,24.0,wordcount,40Gbps,16G,64,2
app-20200618132541-0218,name:wordcount-bw:40Gbps-ds:16G-stride:80-rep:2-zhkfmgyz,1,0,28655,"[6, 5]",64,8.0,wordcount,40Gbps,16G,80,2
app-20200618132541-0218,name:wordcount-bw:40Gbps-ds:16G-stride:80-rep:2-zhkfmgyz,0,17635772327,0,"[4, 0, 3, 2, 1]",32,29.0,wordcount,40Gbps,16G,80,2
app-20200618132644-0219,name:wordcount-bw:40Gbps-ds:16G-stride:96-rep:2-gokhrjvn,1,0,28655,"[6, 5]",64,7.0,wordcount,40Gbps,16G,96,2
app-20200618132644-0219,name:wordcount-bw:40Gbps-ds:16G-stride:96-rep:2-gokhrjvn,0,17635772327,0,"[4, 0, 2, 3, 1]",32,25.0,wordcount,40Gbps,16G,96,2
app-20200618132738-0220,name:wordcount-bw:40Gbps-ds:16G-stride:128-rep:2-rpwtkqpz,1,0,28655,"[6, 5]",64,4.0,wordcount,40Gbps,16G,128,2
app-20200618132738-0220,name:wordcount-bw:40Gbps-ds:16G-stride:128-rep:2-rpwtkqpz,0,17635772327,0,"[4, 1, 2, 3, 0]",32,27.0,wordcount,40Gbps,16G,128,2
app-20200618132857-0221,name:wordcount-bw:40Gbps-ds:32G-stride:0-rep:0-xpqomnhd,1,0,28655,"[6, 5]",64,2.0,wordcount,40Gbps,32G,0,0
app-20200618132857-0221,name:wordcount-bw:40Gbps-ds:32G-stride:0-rep:0-xpqomnhd,0,35271691558,0,"[4, 0, 3, 2, 1]",64,28.0,wordcount,40Gbps,32G,0,0
app-20200618132949-0222,name:wordcount-bw:40Gbps-ds:32G-stride:4-rep:0-prufiypo,1,0,28655,"[6, 5]",64,1.0,wordcount,40Gbps,32G,4,0
app-20200618132949-0222,name:wordcount-bw:40Gbps-ds:32G-stride:4-rep:0-prufiypo,0,35271691558,0,"[4, 1, 2, 3, 0]",64,29.0,wordcount,40Gbps,32G,4,0
app-20200618133051-0223,name:wordcount-bw:40Gbps-ds:32G-stride:8-rep:0-imetmpmq,1,0,28655,"[6, 5]",64,3.0,wordcount,40Gbps,32G,8,0
app-20200618133051-0223,name:wordcount-bw:40Gbps-ds:32G-stride:8-rep:0-imetmpmq,0,35271691558,0,"[4, 3, 2, 0, 1]",64,38.0,wordcount,40Gbps,32G,8,0
app-20200618133158-0224,name:wordcount-bw:40Gbps-ds:32G-stride:16-rep:0-nchdxubv,1,0,28655,"[6, 5]",64,1.0,wordcount,40Gbps,32G,16,0
app-20200618133158-0224,name:wordcount-bw:40Gbps-ds:32G-stride:16-rep:0-nchdxubv,0,35271691558,0,"[4, 1, 2, 3, 0]",64,29.0,wordcount,40Gbps,32G,16,0
app-20200618133251-0225,name:wordcount-bw:40Gbps-ds:32G-stride:32-rep:0-oxtfxftx,1,0,28655,"[6, 5]",64,1.0,wordcount,40Gbps,32G,32,0
app-20200618133251-0225,name:wordcount-bw:40Gbps-ds:32G-stride:32-rep:0-oxtfxftx,0,35271691558,0,"[4, 3, 0, 1, 2]",64,30.0,wordcount,40Gbps,32G,32,0
app-20200618133349-0226,name:wordcount-bw:40Gbps-ds:32G-stride:48-rep:0-ioxrddmm,1,0,28655,"[6, 5]",64,2.0,wordcount,40Gbps,32G,48,0
app-20200618133349-0226,name:wordcount-bw:40Gbps-ds:32G-stride:48-rep:0-ioxrddmm,0,35271691558,0,"[4, 2, 0, 3, 1]",64,29.0,wordcount,40Gbps,32G,48,0
app-20200618133442-0227,name:wordcount-bw:40Gbps-ds:32G-stride:64-rep:0-xpgjtjlw,1,0,28655,"[6, 5]",64,1.0,wordcount,40Gbps,32G,64,0
app-20200618133442-0227,name:wordcount-bw:40Gbps-ds:32G-stride:64-rep:0-xpgjtjlw,0,35271691558,0,"[4, 0, 1, 2, 3]",64,29.0,wordcount,40Gbps,32G,64,0
app-20200618133540-0228,name:wordcount-bw:40Gbps-ds:32G-stride:80-rep:0-bcbiddwv,1,0,28655,"[6, 5]",64,4.0,wordcount,40Gbps,32G,80,0
app-20200618133540-0228,name:wordcount-bw:40Gbps-ds:32G-stride:80-rep:0-bcbiddwv,0,35271691558,0,"[4, 3, 2, 1, 0]",64,29.0,wordcount,40Gbps,32G,80,0
app-20200618133638-0229,name:wordcount-bw:40Gbps-ds:32G-stride:96-rep:0-rsauprta,1,0,28655,"[6, 5]",64,1.0,wordcount,40Gbps,32G,96,0
app-20200618133638-0229,name:wordcount-bw:40Gbps-ds:32G-stride:96-rep:0-rsauprta,0,35271691558,0,"[4, 2, 1, 3, 0]",64,28.0,wordcount,40Gbps,32G,96,0
app-20200618133730-0230,name:wordcount-bw:40Gbps-ds:32G-stride:128-rep:0-waaorrxv,1,0,28655,"[6, 5]",64,1.0,wordcount,40Gbps,32G,128,0
app-20200618133730-0230,name:wordcount-bw:40Gbps-ds:32G-stride:128-rep:0-waaorrxv,0,35271691558,0,"[4, 3, 2, 1, 0]",64,29.0,wordcount,40Gbps,32G,128,0
app-20200618133827-0231,name:wordcount-bw:40Gbps-ds:32G-stride:0-rep:1-bzliekzt,1,0,28655,"[6, 5]",64,2.0,wordcount,40Gbps,32G,0,1
app-20200618133827-0231,name:wordcount-bw:40Gbps-ds:32G-stride:0-rep:1-bzliekzt,0,35271691558,0,"[4, 1, 2, 3, 0]",64,30.0,wordcount,40Gbps,32G,0,1
app-20200618133920-0232,name:wordcount-bw:40Gbps-ds:32G-stride:4-rep:1-xdosmofx,1,0,28655,"[6, 5]",64,1.0,wordcount,40Gbps,32G,4,1
app-20200618133920-0232,name:wordcount-bw:40Gbps-ds:32G-stride:4-rep:1-xdosmofx,0,35271691558,0,"[4, 3, 0, 2, 1]",64,31.0,wordcount,40Gbps,32G,4,1
app-20200618134020-0233,name:wordcount-bw:40Gbps-ds:32G-stride:8-rep:1-cbsrszkq,1,0,28655,"[6, 5]",64,1.0,wordcount,40Gbps,32G,8,1
app-20200618134020-0233,name:wordcount-bw:40Gbps-ds:32G-stride:8-rep:1-cbsrszkq,0,35271691558,0,"[4, 3, 1, 2, 0]",64,31.0,wordcount,40Gbps,32G,8,1
app-20200618134125-0234,name:wordcount-bw:40Gbps-ds:32G-stride:16-rep:1-zjtzowou,1,0,28655,"[6, 5]",64,4.0,wordcount,40Gbps,32G,16,1
app-20200618134125-0234,name:wordcount-bw:40Gbps-ds:32G-stride:16-rep:1-zjtzowou,0,35271691558,0,"[4, 3, 2, 0, 1]",64,31.0,wordcount,40Gbps,32G,16,1
app-20200618134222-0235,name:wordcount-bw:40Gbps-ds:32G-stride:32-rep:1-jljgvslf,1,0,28655,"[6, 5]",64,1.0,wordcount,40Gbps,32G,32,1
app-20200618134222-0235,name:wordcount-bw:40Gbps-ds:32G-stride:32-rep:1-jljgvslf,0,35271691558,0,"[4, 3, 2, 0, 1]",64,31.0,wordcount,40Gbps,32G,32,1
app-20200618134321-0236,name:wordcount-bw:40Gbps-ds:32G-stride:48-rep:1-lammqvxq,1,0,28655,"[6, 5]",64,1.0,wordcount,40Gbps,32G,48,1
app-20200618134321-0236,name:wordcount-bw:40Gbps-ds:32G-stride:48-rep:1-lammqvxq,0,35271691558,0,"[4, 3, 2, 1, 0]",64,30.0,wordcount,40Gbps,32G,48,1
app-20200618134414-0237,name:wordcount-bw:40Gbps-ds:32G-stride:64-rep:1-hgajxvok,1,0,28655,"[6, 5]",64,1.0,wordcount,40Gbps,32G,64,1
app-20200618134414-0237,name:wordcount-bw:40Gbps-ds:32G-stride:64-rep:1-hgajxvok,0,35271691558,0,"[4, 1, 3, 0, 2]",64,30.0,wordcount,40Gbps,32G,64,1
app-20200618134513-0238,name:wordcount-bw:40Gbps-ds:32G-stride:80-rep:1-ichyqblk,1,0,28655,"[6, 5]",64,2.0,wordcount,40Gbps,32G,80,1
app-20200618134513-0238,name:wordcount-bw:40Gbps-ds:32G-stride:80-rep:1-ichyqblk,0,35271691558,0,"[4, 2, 1, 3, 0]",64,30.0,wordcount,40Gbps,32G,80,1
app-20200618134612-0239,name:wordcount-bw:40Gbps-ds:32G-stride:96-rep:1-qyrobymp,1,0,28655,"[6, 5]",64,8.0,wordcount,40Gbps,32G,96,1
app-20200618134612-0239,name:wordcount-bw:40Gbps-ds:32G-stride:96-rep:1-qyrobymp,0,35271691558,0,"[4, 2, 0, 3, 1]",64,29.0,wordcount,40Gbps,32G,96,1
app-20200618134717-0240,name:wordcount-bw:40Gbps-ds:32G-stride:128-rep:1-azjtowvw,1,0,28655,"[6, 5]",64,2.0,wordcount,40Gbps,32G,128,1
app-20200618134717-0240,name:wordcount-bw:40Gbps-ds:32G-stride:128-rep:1-azjtowvw,0,35271691558,0,"[4, 0, 1, 2, 3]",64,30.0,wordcount,40Gbps,32G,128,1
app-20200618134815-0241,name:wordcount-bw:40Gbps-ds:32G-stride:0-rep:2-qllporoa,1,0,28655,"[6, 5]",64,1.0,wordcount,40Gbps,32G,0,2
app-20200618134815-0241,name:wordcount-bw:40Gbps-ds:32G-stride:0-rep:2-qllporoa,0,35271691558,0,"[4, 1, 3, 0, 2]",64,29.0,wordcount,40Gbps,32G,0,2
app-20200618134907-0242,name:wordcount-bw:40Gbps-ds:32G-stride:4-rep:2-nsetgtdm,1,0,28655,"[6, 5]",64,1.0,wordcount,40Gbps,32G,4,2
app-20200618134907-0242,name:wordcount-bw:40Gbps-ds:32G-stride:4-rep:2-nsetgtdm,0,35271691558,0,"[4, 3, 0, 2, 1]",64,29.0,wordcount,40Gbps,32G,4,2
app-20200618135005-0243,name:wordcount-bw:40Gbps-ds:32G-stride:8-rep:2-vlhkwsdw,1,0,28655,"[6, 5]",64,2.0,wordcount,40Gbps,32G,8,2
app-20200618135005-0243,name:wordcount-bw:40Gbps-ds:32G-stride:8-rep:2-vlhkwsdw,0,35271691558,0,"[4, 2, 0, 3, 1]",64,30.0,wordcount,40Gbps,32G,8,2
app-20200618135058-0244,name:wordcount-bw:40Gbps-ds:32G-stride:16-rep:2-ldhndrcu,1,0,28655,"[6, 5]",64,2.0,wordcount,40Gbps,32G,16,2
app-20200618135058-0244,name:wordcount-bw:40Gbps-ds:32G-stride:16-rep:2-ldhndrcu,0,35271691558,0,"[4, 3, 1, 0, 2]",64,39.0,wordcount,40Gbps,32G,16,2
app-20200618135201-0245,name:wordcount-bw:40Gbps-ds:32G-stride:32-rep:2-mdmpezoy,1,0,28655,"[6, 5]",64,2.0,wordcount,40Gbps,32G,32,2
app-20200618135201-0245,name:wordcount-bw:40Gbps-ds:32G-stride:32-rep:2-mdmpezoy,0,35271691558,0,"[4, 3, 1, 2, 0]",64,37.0,wordcount,40Gbps,32G,32,2
app-20200618135308-0246,name:wordcount-bw:40Gbps-ds:32G-stride:48-rep:2-oxodfizk,1,0,28655,"[6, 5]",64,1.0,wordcount,40Gbps,32G,48,2
app-20200618135308-0246,name:wordcount-bw:40Gbps-ds:32G-stride:48-rep:2-oxodfizk,0,35271691558,0,"[4, 2, 1, 3, 0]",64,31.0,wordcount,40Gbps,32G,48,2
app-20200618135402-0247,name:wordcount-bw:40Gbps-ds:32G-stride:64-rep:2-kkkcscsf,1,0,28655,"[6, 5]",64,2.0,wordcount,40Gbps,32G,64,2
app-20200618135402-0247,name:wordcount-bw:40Gbps-ds:32G-stride:64-rep:2-kkkcscsf,0,35271691558,0,"[4, 3, 2, 1, 0]",64,28.0,wordcount,40Gbps,32G,64,2
app-20200618135453-0248,name:wordcount-bw:40Gbps-ds:32G-stride:80-rep:2-ylciupcp,1,0,28655,"[6, 5]",64,3.0,wordcount,40Gbps,32G,80,2
app-20200618135453-0248,name:wordcount-bw:40Gbps-ds:32G-stride:80-rep:2-ylciupcp,0,35271691558,0,"[4, 2, 0, 3, 1]",64,31.0,wordcount,40Gbps,32G,80,2
app-20200618135552-0249,name:wordcount-bw:40Gbps-ds:32G-stride:96-rep:2-abhgheih,1,0,28655,"[6, 5]",64,1.0,wordcount,40Gbps,32G,96,2
app-20200618135552-0249,name:wordcount-bw:40Gbps-ds:32G-stride:96-rep:2-abhgheih,0,35271691558,0,"[4, 3, 0, 1, 2]",64,34.0,wordcount,40Gbps,32G,96,2
app-20200618135654-0250,name:wordcount-bw:40Gbps-ds:32G-stride:128-rep:2-njtbejdr,1,0,28655,"[6, 5]",64,2.0,wordcount,40Gbps,32G,128,2
app-20200618135654-0250,name:wordcount-bw:40Gbps-ds:32G-stride:128-rep:2-njtbejdr,0,35271691558,0,"[4, 3, 2, 1, 0]",64,30.0,wordcount,40Gbps,32G,128,2
app-20200618135812-0251,name:wordcount-bw:40Gbps-ds:64G-stride:0-rep:0-akqhqtau,1,0,28655,"[6, 5]",64,1.0,wordcount,40Gbps,64G,0,0
app-20200618135812-0251,name:wordcount-bw:40Gbps-ds:64G-stride:0-rep:0-akqhqtau,0,70542980067,0,"[4, 0, 2, 3, 1]",128,42.0,wordcount,40Gbps,64G,0,0
app-20200618135925-0252,name:wordcount-bw:40Gbps-ds:64G-stride:4-rep:0-jaqchgam,1,0,28655,"[6, 5]",64,5.0,wordcount,40Gbps,64G,4,0
app-20200618135925-0252,name:wordcount-bw:40Gbps-ds:64G-stride:4-rep:0-jaqchgam,0,70542980067,0,"[4, 3, 2, 1, 0]",128,42.0,wordcount,40Gbps,64G,4,0
app-20200618140040-0253,name:wordcount-bw:40Gbps-ds:64G-stride:8-rep:0-ejotqgnk,1,0,28655,"[6, 5]",64,1.0,wordcount,40Gbps,64G,8,0
app-20200618140040-0253,name:wordcount-bw:40Gbps-ds:64G-stride:8-rep:0-ejotqgnk,0,70542980067,0,"[4, 1, 2, 3, 0]",128,39.0,wordcount,40Gbps,64G,8,0
app-20200618140149-0254,name:wordcount-bw:40Gbps-ds:64G-stride:16-rep:0-mfgqjpiw,1,0,28655,"[6, 5]",64,2.0,wordcount,40Gbps,64G,16,0
app-20200618140149-0254,name:wordcount-bw:40Gbps-ds:64G-stride:16-rep:0-mfgqjpiw,0,70542980067,0,"[4, 2, 1, 3, 0]",128,39.0,wordcount,40Gbps,64G,16,0
app-20200618140300-0255,name:wordcount-bw:40Gbps-ds:64G-stride:32-rep:0-rcqiimew,1,0,28655,"[6, 5]",64,1.0,wordcount,40Gbps,64G,32,0
app-20200618140300-0255,name:wordcount-bw:40Gbps-ds:64G-stride:32-rep:0-rcqiimew,0,70542980067,0,"[4, 3, 2, 0, 1]",128,38.0,wordcount,40Gbps,64G,32,0
app-20200618140408-0256,name:wordcount-bw:40Gbps-ds:64G-stride:48-rep:0-fuxlyxan,1,0,28655,"[6, 5]",64,1.0,wordcount,40Gbps,64G,48,0
app-20200618140408-0256,name:wordcount-bw:40Gbps-ds:64G-stride:48-rep:0-fuxlyxan,0,70542980067,0,"[4, 1, 2, 0, 3]",128,40.0,wordcount,40Gbps,64G,48,0
app-20200618140520-0257,name:wordcount-bw:40Gbps-ds:64G-stride:64-rep:0-awlgvfpq,1,0,28655,"[6, 5]",64,7.0,wordcount,40Gbps,64G,64,0
app-20200618140520-0257,name:wordcount-bw:40Gbps-ds:64G-stride:64-rep:0-awlgvfpq,0,70542980067,0,"[4, 1, 3, 0, 2]",128,45.0,wordcount,40Gbps,64G,64,0
app-20200618140643-0258,name:wordcount-bw:40Gbps-ds:64G-stride:80-rep:0-yjlkjobn,1,0,28655,"[6, 5]",64,2.0,wordcount,40Gbps,64G,80,0
app-20200618140643-0258,name:wordcount-bw:40Gbps-ds:64G-stride:80-rep:0-yjlkjobn,0,70542980067,0,"[4, 0, 1, 2, 3]",128,42.0,wordcount,40Gbps,64G,80,0
app-20200618140751-0259,name:wordcount-bw:40Gbps-ds:64G-stride:96-rep:0-vjenxebi,1,0,28655,"[6, 5]",64,1.0,wordcount,40Gbps,64G,96,0
app-20200618140751-0259,name:wordcount-bw:40Gbps-ds:64G-stride:96-rep:0-vjenxebi,0,70542980067,0,"[4, 2, 1, 0, 3]",128,43.0,wordcount,40Gbps,64G,96,0
app-20200618140904-0260,name:wordcount-bw:40Gbps-ds:64G-stride:128-rep:0-lgicrakf,1,0,28655,"[6, 5]",64,1.0,wordcount,40Gbps,64G,128,0
app-20200618140904-0260,name:wordcount-bw:40Gbps-ds:64G-stride:128-rep:0-lgicrakf,0,70542980067,0,"[4, 2, 1, 3, 0]",128,42.0,wordcount,40Gbps,64G,128,0
app-20200618141014-0261,name:wordcount-bw:40Gbps-ds:64G-stride:0-rep:1-otadmlwz,1,0,28655,"[6, 5]",64,1.0,wordcount,40Gbps,64G,0,1
app-20200618141014-0261,name:wordcount-bw:40Gbps-ds:64G-stride:0-rep:1-otadmlwz,0,70542980067,0,"[4, 0, 2, 3, 1]",128,41.0,wordcount,40Gbps,64G,0,1
app-20200618141123-0262,name:wordcount-bw:40Gbps-ds:64G-stride:4-rep:1-clluwtry,1,0,28655,"[6, 5]",64,1.0,wordcount,40Gbps,64G,4,1
app-20200618141123-0262,name:wordcount-bw:40Gbps-ds:64G-stride:4-rep:1-clluwtry,0,70542980067,0,"[4, 1, 2, 3, 0]",128,42.0,wordcount,40Gbps,64G,4,1
app-20200618141235-0263,name:wordcount-bw:40Gbps-ds:64G-stride:8-rep:1-dtslsxyg,1,0,28655,"[6, 5]",64,2.0,wordcount,40Gbps,64G,8,1
app-20200618141235-0263,name:wordcount-bw:40Gbps-ds:64G-stride:8-rep:1-dtslsxyg,0,70542980067,0,"[4, 1, 0, 3, 2]",128,40.0,wordcount,40Gbps,64G,8,1
app-20200618141347-0264,name:wordcount-bw:40Gbps-ds:64G-stride:16-rep:1-tkqbppdt,1,0,28655,"[6, 5]",64,2.0,wordcount,40Gbps,64G,16,1
app-20200618141347-0264,name:wordcount-bw:40Gbps-ds:64G-stride:16-rep:1-tkqbppdt,0,70542980067,0,"[4, 1, 2, 3, 0]",128,45.0,wordcount,40Gbps,64G,16,1
app-20200618141503-0265,name:wordcount-bw:40Gbps-ds:64G-stride:32-rep:1-wmrrdkdx,1,0,28655,"[6, 5]",64,4.0,wordcount,40Gbps,64G,32,1
app-20200618141503-0265,name:wordcount-bw:40Gbps-ds:64G-stride:32-rep:1-wmrrdkdx,0,70542980067,0,"[4, 3, 2, 0, 1]",128,42.0,wordcount,40Gbps,64G,32,1
app-20200618141615-0266,name:wordcount-bw:40Gbps-ds:64G-stride:48-rep:1-ocmrbekk,1,0,28655,"[6, 5]",64,2.0,wordcount,40Gbps,64G,48,1
app-20200618141615-0266,name:wordcount-bw:40Gbps-ds:64G-stride:48-rep:1-ocmrbekk,0,70542980067,0,"[4, 3, 1, 0, 2]",128,40.0,wordcount,40Gbps,64G,48,1
app-20200618141722-0267,name:wordcount-bw:40Gbps-ds:64G-stride:64-rep:1-jysnefnw,1,0,28655,"[6, 5]",64,2.0,wordcount,40Gbps,64G,64,1
app-20200618141722-0267,name:wordcount-bw:40Gbps-ds:64G-stride:64-rep:1-jysnefnw,0,70542980067,0,"[4, 1, 3, 0, 2]",128,39.0,wordcount,40Gbps,64G,64,1
app-20200618141832-0268,name:wordcount-bw:40Gbps-ds:64G-stride:80-rep:1-tioxuohb,1,0,28655,"[6, 5]",64,7.0,wordcount,40Gbps,64G,80,1
app-20200618141832-0268,name:wordcount-bw:40Gbps-ds:64G-stride:80-rep:1-tioxuohb,0,70542980067,0,"[4, 3, 2, 1, 0]",128,40.0,wordcount,40Gbps,64G,80,1
app-20200618141943-0269,name:wordcount-bw:40Gbps-ds:64G-stride:96-rep:1-mtbpqkch,1,0,28655,"[6, 5]",64,2.0,wordcount,40Gbps,64G,96,1
app-20200618141943-0269,name:wordcount-bw:40Gbps-ds:64G-stride:96-rep:1-mtbpqkch,0,70542980067,0,"[4, 0, 2, 3, 1]",128,42.0,wordcount,40Gbps,64G,96,1
app-20200618142059-0270,name:wordcount-bw:40Gbps-ds:64G-stride:128-rep:1-oqcyowxb,1,0,28655,"[6, 5]",64,3.0,wordcount,40Gbps,64G,128,1
app-20200618142059-0270,name:wordcount-bw:40Gbps-ds:64G-stride:128-rep:1-oqcyowxb,0,70542980067,0,"[4, 2, 1, 0, 3]",128,42.0,wordcount,40Gbps,64G,128,1
app-20200618142207-0271,name:wordcount-bw:40Gbps-ds:64G-stride:0-rep:2-ppeyqxjy,1,0,28655,"[6, 5]",64,2.0,wordcount,40Gbps,64G,0,2
app-20200618142207-0271,name:wordcount-bw:40Gbps-ds:64G-stride:0-rep:2-ppeyqxjy,0,70542980067,0,"[4, 2, 3, 0, 1]",128,38.0,wordcount,40Gbps,64G,0,2
app-20200618142317-0272,name:wordcount-bw:40Gbps-ds:64G-stride:4-rep:2-hsvxxkty,1,0,28655,"[6, 5]",64,2.0,wordcount,40Gbps,64G,4,2
app-20200618142317-0272,name:wordcount-bw:40Gbps-ds:64G-stride:4-rep:2-hsvxxkty,0,70542980067,0,"[4, 1, 0, 2, 3]",128,39.0,wordcount,40Gbps,64G,4,2
app-20200618142422-0273,name:wordcount-bw:40Gbps-ds:64G-stride:8-rep:2-uhrbivyo,1,0,28655,"[6, 5]",64,2.0,wordcount,40Gbps,64G,8,2
app-20200618142422-0273,name:wordcount-bw:40Gbps-ds:64G-stride:8-rep:2-uhrbivyo,0,70542980067,0,"[4, 2, 3, 1, 0]",128,40.0,wordcount,40Gbps,64G,8,2
app-20200618142533-0274,name:wordcount-bw:40Gbps-ds:64G-stride:16-rep:2-qzrwgxfz,1,0,28655,"[6, 5]",64,3.0,wordcount,40Gbps,64G,16,2
app-20200618142533-0274,name:wordcount-bw:40Gbps-ds:64G-stride:16-rep:2-qzrwgxfz,0,70542980067,0,"[4, 3, 2, 1, 0]",128,42.0,wordcount,40Gbps,64G,16,2
app-20200618142642-0275,name:wordcount-bw:40Gbps-ds:64G-stride:32-rep:2-lxdpxuwa,1,0,28655,"[6, 5]",64,1.0,wordcount,40Gbps,64G,32,2
app-20200618142642-0275,name:wordcount-bw:40Gbps-ds:64G-stride:32-rep:2-lxdpxuwa,0,70542980067,0,"[4, 3, 0, 2, 1]",128,43.0,wordcount,40Gbps,64G,32,2
app-20200618142751-0276,name:wordcount-bw:40Gbps-ds:64G-stride:48-rep:2-legapfzi,1,0,28655,"[6, 5]",64,3.0,wordcount,40Gbps,64G,48,2
app-20200618142751-0276,name:wordcount-bw:40Gbps-ds:64G-stride:48-rep:2-legapfzi,0,70542980067,0,"[4, 3, 1, 2, 0]",128,42.0,wordcount,40Gbps,64G,48,2
app-20200618142905-0277,name:wordcount-bw:40Gbps-ds:64G-stride:64-rep:2-dqewtrqg,1,0,28655,"[6, 5]",64,1.0,wordcount,40Gbps,64G,64,2
app-20200618142905-0277,name:wordcount-bw:40Gbps-ds:64G-stride:64-rep:2-dqewtrqg,0,70542980067,0,"[4, 1, 2, 3, 0]",128,41.0,wordcount,40Gbps,64G,64,2
app-20200618143018-0278,name:wordcount-bw:40Gbps-ds:64G-stride:80-rep:2-axmsrdas,1,0,28655,"[6, 5]",64,2.0,wordcount,40Gbps,64G,80,2
app-20200618143018-0278,name:wordcount-bw:40Gbps-ds:64G-stride:80-rep:2-axmsrdas,0,70542980067,0,"[4, 3, 2, 1, 0]",128,41.0,wordcount,40Gbps,64G,80,2
app-20200618143126-0279,name:wordcount-bw:40Gbps-ds:64G-stride:96-rep:2-ckttyrsq,1,0,28655,"[6, 5]",64,1.0,wordcount,40Gbps,64G,96,2
app-20200618143126-0279,name:wordcount-bw:40Gbps-ds:64G-stride:96-rep:2-ckttyrsq,0,70542980067,0,"[4, 3, 1, 0, 2]",128,45.0,wordcount,40Gbps,64G,96,2
app-20200618143237-0280,name:wordcount-bw:40Gbps-ds:64G-stride:128-rep:2-roolocdh,1,0,28655,"[6, 5]",64,1.0,wordcount,40Gbps,64G,128,2
app-20200618143237-0280,name:wordcount-bw:40Gbps-ds:64G-stride:128-rep:2-roolocdh,0,70542980067,0,"[4, 3, 2, 0, 1]",128,40.0,wordcount,40Gbps,64G,128,2
app-20200618143427-0281,name:wordcount-bw:20Gbps-ds:1G-stride:0-rep:0-gssrrhtl,1,0,26655,"[6, 5]",64,7.0,wordcount,20Gbps,1G,0,0
app-20200618143427-0281,name:wordcount-bw:20Gbps-ds:1G-stride:0-rep:0-gssrrhtl,0,1102238868,0,"[4, 0, 3, 2, 1]",8,9.0,wordcount,20Gbps,1G,0,0
app-20200618143506-0282,name:wordcount-bw:20Gbps-ds:1G-stride:4-rep:0-kcvmexnv,1,0,26655,"[6, 5]",64,9.0,wordcount,20Gbps,1G,4,0
app-20200618143506-0282,name:wordcount-bw:20Gbps-ds:1G-stride:4-rep:0-kcvmexnv,0,1102238868,0,"[4, 0, 2, 1, 3]",8,9.0,wordcount,20Gbps,1G,4,0
app-20200618143552-0283,name:wordcount-bw:20Gbps-ds:1G-stride:8-rep:0-wcaiyawl,1,0,26655,"[6, 5]",64,8.0,wordcount,20Gbps,1G,8,0
app-20200618143552-0283,name:wordcount-bw:20Gbps-ds:1G-stride:8-rep:0-wcaiyawl,0,1102238868,0,"[4, 0, 3, 2, 1]",8,9.0,wordcount,20Gbps,1G,8,0
app-20200618143630-0284,name:wordcount-bw:20Gbps-ds:1G-stride:16-rep:0-oonhcsyt,1,0,26655,"[6, 5]",64,12.0,wordcount,20Gbps,1G,16,0
app-20200618143630-0284,name:wordcount-bw:20Gbps-ds:1G-stride:16-rep:0-oonhcsyt,0,1102238868,0,"[4, 1, 3, 0, 2]",8,14.0,wordcount,20Gbps,1G,16,0
app-20200618143720-0285,name:wordcount-bw:20Gbps-ds:1G-stride:32-rep:0-fjixgdgr,1,0,26655,"[6, 5]",64,8.0,wordcount,20Gbps,1G,32,0
app-20200618143720-0285,name:wordcount-bw:20Gbps-ds:1G-stride:32-rep:0-fjixgdgr,0,1102238868,0,"[4, 3, 2, 0, 1]",8,8.0,wordcount,20Gbps,1G,32,0
app-20200618143800-0286,name:wordcount-bw:20Gbps-ds:1G-stride:48-rep:0-bxtapmmk,1,0,26655,"[6, 5]",64,9.0,wordcount,20Gbps,1G,48,0
app-20200618143800-0286,name:wordcount-bw:20Gbps-ds:1G-stride:48-rep:0-bxtapmmk,0,1102238868,0,"[4, 2, 0, 3, 1]",8,8.0,wordcount,20Gbps,1G,48,0
app-20200618143842-0287,name:wordcount-bw:20Gbps-ds:1G-stride:64-rep:0-ikbdahjj,1,0,26655,"[6, 5]",64,8.0,wordcount,20Gbps,1G,64,0
app-20200618143842-0287,name:wordcount-bw:20Gbps-ds:1G-stride:64-rep:0-ikbdahjj,0,1102238868,0,"[4, 3, 0, 1, 2]",8,8.0,wordcount,20Gbps,1G,64,0
app-20200618143923-0288,name:wordcount-bw:20Gbps-ds:1G-stride:80-rep:0-qpcsnsto,1,0,26655,"[6, 5]",64,8.0,wordcount,20Gbps,1G,80,0
app-20200618143923-0288,name:wordcount-bw:20Gbps-ds:1G-stride:80-rep:0-qpcsnsto,0,1102238868,0,"[4, 3, 1, 2, 0]",8,9.0,wordcount,20Gbps,1G,80,0
app-20200618144004-0289,name:wordcount-bw:20Gbps-ds:1G-stride:96-rep:0-urnqahsz,1,0,26655,"[6, 5]",64,7.0,wordcount,20Gbps,1G,96,0
app-20200618144004-0289,name:wordcount-bw:20Gbps-ds:1G-stride:96-rep:0-urnqahsz,0,1102238868,0,"[4, 3, 2, 1, 0]",8,10.0,wordcount,20Gbps,1G,96,0
app-20200618144054-0290,name:wordcount-bw:20Gbps-ds:1G-stride:128-rep:0-iqzykqdu,1,0,26655,"[6, 5]",64,9.0,wordcount,20Gbps,1G,128,0
app-20200618144054-0290,name:wordcount-bw:20Gbps-ds:1G-stride:128-rep:0-iqzykqdu,0,1102238868,0,"[4, 2, 1, 0, 3]",8,9.0,wordcount,20Gbps,1G,128,0
app-20200618144139-0291,name:wordcount-bw:20Gbps-ds:1G-stride:0-rep:1-egrwfwlm,1,0,26655,"[6, 5]",64,8.0,wordcount,20Gbps,1G,0,1
app-20200618144139-0291,name:wordcount-bw:20Gbps-ds:1G-stride:0-rep:1-egrwfwlm,0,1102238868,0,"[4, 3, 0, 2, 1]",8,10.0,wordcount,20Gbps,1G,0,1
app-20200618144217-0292,name:wordcount-bw:20Gbps-ds:1G-stride:4-rep:1-ueuhlbyx,1,0,26655,"[6, 5]",64,10.0,wordcount,20Gbps,1G,4,1
app-20200618144217-0292,name:wordcount-bw:20Gbps-ds:1G-stride:4-rep:1-ueuhlbyx,0,1102238868,0,"[4, 3, 2, 0, 1]",8,8.0,wordcount,20Gbps,1G,4,1
app-20200618144255-0293,name:wordcount-bw:20Gbps-ds:1G-stride:8-rep:1-rkyxbozb,1,0,26655,"[6, 5]",64,9.0,wordcount,20Gbps,1G,8,1
app-20200618144255-0293,name:wordcount-bw:20Gbps-ds:1G-stride:8-rep:1-rkyxbozb,0,1102238868,0,"[4, 3, 1, 0, 2]",8,8.0,wordcount,20Gbps,1G,8,1
app-20200618144336-0294,name:wordcount-bw:20Gbps-ds:1G-stride:16-rep:1-asdnpbxy,1,0,26655,"[6, 5]",64,10.0,wordcount,20Gbps,1G,16,1
app-20200618144336-0294,name:wordcount-bw:20Gbps-ds:1G-stride:16-rep:1-asdnpbxy,0,1102238868,0,"[4, 3, 2, 0, 1]",8,8.0,wordcount,20Gbps,1G,16,1
app-20200618144414-0295,name:wordcount-bw:20Gbps-ds:1G-stride:32-rep:1-vsrnwpjy,1,0,26655,"[6, 5]",64,10.0,wordcount,20Gbps,1G,32,1
app-20200618144414-0295,name:wordcount-bw:20Gbps-ds:1G-stride:32-rep:1-vsrnwpjy,0,1102238868,0,"[4, 0, 1, 2, 3]",8,9.0,wordcount,20Gbps,1G,32,1
app-20200618144458-0296,name:wordcount-bw:20Gbps-ds:1G-stride:48-rep:1-bamoslxm,1,0,26655,"[6, 5]",64,8.0,wordcount,20Gbps,1G,48,1
app-20200618144458-0296,name:wordcount-bw:20Gbps-ds:1G-stride:48-rep:1-bamoslxm,0,1102238868,0,"[4, 3, 2, 1, 0]",8,12.0,wordcount,20Gbps,1G,48,1
app-20200618144558-0297,name:wordcount-bw:20Gbps-ds:1G-stride:64-rep:1-qzgnnybe,1,0,26655,"[6, 5]",64,9.0,wordcount,20Gbps,1G,64,1
app-20200618144558-0297,name:wordcount-bw:20Gbps-ds:1G-stride:64-rep:1-qzgnnybe,0,1102238868,0,"[4, 1, 0, 3, 2]",8,9.0,wordcount,20Gbps,1G,64,1
app-20200618144641-0298,name:wordcount-bw:20Gbps-ds:1G-stride:80-rep:1-igxzfsup,1,0,26655,"[6, 5]",64,13.0,wordcount,20Gbps,1G,80,1
app-20200618144641-0298,name:wordcount-bw:20Gbps-ds:1G-stride:80-rep:1-igxzfsup,0,1102238868,0,"[4, 0, 1, 2, 3]",8,9.0,wordcount,20Gbps,1G,80,1
app-20200618144725-0299,name:wordcount-bw:20Gbps-ds:1G-stride:96-rep:1-ocoimfxi,1,0,26655,"[6, 5]",64,15.0,wordcount,20Gbps,1G,96,1
app-20200618144725-0299,name:wordcount-bw:20Gbps-ds:1G-stride:96-rep:1-ocoimfxi,0,1102238868,0,"[4, 3, 2, 1, 0]",8,8.0,wordcount,20Gbps,1G,96,1
app-20200618144809-0300,name:wordcount-bw:20Gbps-ds:1G-stride:128-rep:1-itkgijnd,1,0,26655,"[6, 5]",64,8.0,wordcount,20Gbps,1G,128,1
app-20200618144809-0300,name:wordcount-bw:20Gbps-ds:1G-stride:128-rep:1-itkgijnd,0,1102238868,0,"[4, 3, 1, 2, 0]",8,8.0,wordcount,20Gbps,1G,128,1
app-20200618144849-0301,name:wordcount-bw:20Gbps-ds:1G-stride:0-rep:2-bhxkeqgp,1,0,26655,"[6, 5]",64,7.0,wordcount,20Gbps,1G,0,2
app-20200618144849-0301,name:wordcount-bw:20Gbps-ds:1G-stride:0-rep:2-bhxkeqgp,0,1102238868,0,"[4, 3, 1, 2, 0]",8,9.0,wordcount,20Gbps,1G,0,2
app-20200618144929-0302,name:wordcount-bw:20Gbps-ds:1G-stride:4-rep:2-vrbjhhim,1,0,26655,"[6, 5]",64,7.0,wordcount,20Gbps,1G,4,2
app-20200618144929-0302,name:wordcount-bw:20Gbps-ds:1G-stride:4-rep:2-vrbjhhim,0,1102238868,0,"[4, 1, 2, 3, 0]",8,9.0,wordcount,20Gbps,1G,4,2
app-20200618145011-0303,name:wordcount-bw:20Gbps-ds:1G-stride:8-rep:2-eumucmjz,1,0,26655,"[6, 5]",64,8.0,wordcount,20Gbps,1G,8,2
app-20200618145011-0303,name:wordcount-bw:20Gbps-ds:1G-stride:8-rep:2-eumucmjz,0,1102238868,0,"[4, 0, 2, 3, 1]",8,8.0,wordcount,20Gbps,1G,8,2
app-20200618145059-0304,name:wordcount-bw:20Gbps-ds:1G-stride:16-rep:2-arwnakla,1,0,26655,"[6, 5]",64,7.0,wordcount,20Gbps,1G,16,2
app-20200618145059-0304,name:wordcount-bw:20Gbps-ds:1G-stride:16-rep:2-arwnakla,0,1102238868,0,"[4, 3, 1, 0, 2]",8,12.0,wordcount,20Gbps,1G,16,2
app-20200618145146-0305,name:wordcount-bw:20Gbps-ds:1G-stride:32-rep:2-zrumylbj,1,0,26655,"[6, 5]",64,9.0,wordcount,20Gbps,1G,32,2
app-20200618145146-0305,name:wordcount-bw:20Gbps-ds:1G-stride:32-rep:2-zrumylbj,0,1102238868,0,"[4, 1, 2, 3, 0]",8,10.0,wordcount,20Gbps,1G,32,2
app-20200618145223-0306,name:wordcount-bw:20Gbps-ds:1G-stride:48-rep:2-yyhwhcjz,1,0,26655,"[6, 5]",64,10.0,wordcount,20Gbps,1G,48,2
app-20200618145223-0306,name:wordcount-bw:20Gbps-ds:1G-stride:48-rep:2-yyhwhcjz,0,1102238868,0,"[4, 1, 3, 0, 2]",8,8.0,wordcount,20Gbps,1G,48,2
