dag_id,data,mse_factor,name,stage_id
3fea127a-f673-11e9-a61d-340286a22b19,"{'b20': {'size': 120}, 'a20': {'size': 80}}",0,graph,0
3fea127a-f673-11e9-a61d-340286a22b19,{'a20': {'size': 32}},0,graph,0
3fea127a-f673-11e9-a61d-340286a22b19,"{'a20': {'size': 80}, 'a21': {'size': 120}}",0,graph,0
3fea127a-f673-11e9-a61d-340286a22b19,{'b20': {'size': 48}},0,graph,0
3fea127a-f673-11e9-a61d-340286a22b19,"{'d20': {'size': 200}, 'c20': {'size': 160}}",0,graph,1
3fea127a-f673-11e9-a61d-340286a22b19,{'d21': {'size': 160}},0,graph,1
3fea127a-f673-11e9-a61d-340286a22b19,"{'d21': {'size': 240}, 'c21': {'size': 160}}",0,graph,1
3fea127a-f673-11e9-a61d-340286a22b19,{'d20': {'size': 134}},0,graph,1
3fea127a-f673-11e9-a61d-340286a22b19,{'e20': {'size': 100}},0,graph,2
3fea127a-f673-11e9-a61d-340286a22b19,{'e20': {'size': 100}},0,graph,2
3fea127a-f673-11e9-a61d-340286a22b19,{'e20': {'size': 100}},0,graph,2
3fea127a-f673-11e9-a61d-340286a22b19,{'e20': {'size': 100}},0,graph,2
dag_id,data,mse_factor,name,stage_id
3fea127b-f673-11e9-a61d-340286a22b19,{'b20': {'size': 48}},0,graph,0
3fea127b-f673-11e9-a61d-340286a22b19,"{'b20': {'size': 120}, 'a20': {'size': 80}}",0,graph,0
3fea127b-f673-11e9-a61d-340286a22b19,{'d20': {'size': 134}},0,graph,1
3fea127b-f673-11e9-a61d-340286a22b19,{'a20': {'size': 32}},0,graph,0
3fea127b-f673-11e9-a61d-340286a22b19,"{'a20': {'size': 80}, 'a21': {'size': 120}}",0,graph,0
3fea127b-f673-11e9-a61d-340286a22b19,"{'d20': {'size': 200}, 'c20': {'size': 160}}",0,graph,1
3fea127b-f673-11e9-a61d-340286a22b19,{'e20': {'size': 100}},0,graph,2
3fea127b-f673-11e9-a61d-340286a22b19,{'d21': {'size': 160}},0,graph,1
3fea127b-f673-11e9-a61d-340286a22b19,"{'d21': {'size': 240}, 'c21': {'size': 160}}",0,graph,1
3fea127b-f673-11e9-a61d-340286a22b19,{'e20': {'size': 100}},0,graph,2
3fea127b-f673-11e9-a61d-340286a22b19,{'e20': {'size': 100}},0,graph,2
3fea127b-f673-11e9-a61d-340286a22b19,{'e20': {'size': 100}},0,graph,2
dag_id,data,mse_factor,name,stage_id
19820752-f6bb-11e9-a61d-340286a22b19,{'a2': {'size': 160}},0,graph,0
19820752-f6bb-11e9-a61d-340286a22b19,{'b16': {'size': 300}},0,graph,2
19820752-f6bb-11e9-a61d-340286a22b19,{'b16': {'size': 300}},0,graph,2
19820752-f6bb-11e9-a61d-340286a22b19,{'c21': {'size': 160}},0,graph,4
19820752-f6bb-11e9-a61d-340286a22b19,{'c21': {'size': 160}},0,graph,4
dag_id,data,mse_factor,name,stage_id
fab31614-f6be-11e9-a61d-340286a22b19,{'a2': {'size': 160}},0,graph,0
fab31614-f6be-11e9-a61d-340286a22b19,{'c23': {'size': 400}},0,graph,1
fab31614-f6be-11e9-a61d-340286a22b19,{'b16': {'size': 300}},0,graph,2
fab31614-f6be-11e9-a61d-340286a22b19,{'b16': {'size': 300}},0,graph,2
fab31614-f6be-11e9-a61d-340286a22b19,{'b16': {'size': 300}},0,graph,2
fab31614-f6be-11e9-a61d-340286a22b19,{'b16': {'size': 300}},0,graph,2
fab31614-f6be-11e9-a61d-340286a22b19,{'b16': {'size': 300}},0,graph,2
fab31614-f6be-11e9-a61d-340286a22b19,{'b16': {'size': 300}},0,graph,2
fab31614-f6be-11e9-a61d-340286a22b19,{'b16': {'size': 300}},0,graph,2
fab31614-f6be-11e9-a61d-340286a22b19,{'b16': {'size': 300}},0,graph,2
fab31614-f6be-11e9-a61d-340286a22b19,{'b16': {'size': 300}},0,graph,2
dag_id,data,mse_factor,name,stage_id
95eccf98-f6c0-11e9-a61d-340286a22b19,{'a2': {'size': 160}},0,graph,0
95eccf98-f6c0-11e9-a61d-340286a22b19,{'c23': {'size': 400}},0,graph,1
95eccf98-f6c0-11e9-a61d-340286a22b19,{'b16': {'size': 300}},0,graph,2
95eccf98-f6c0-11e9-a61d-340286a22b19,{'b16': {'size': 300}},0,graph,2
95eccf98-f6c0-11e9-a61d-340286a22b19,{'b16': {'size': 300}},0,graph,2
95eccf98-f6c0-11e9-a61d-340286a22b19,{'b16': {'size': 300}},0,graph,2
95eccf98-f6c0-11e9-a61d-340286a22b19,{'b16': {'size': 300}},0,graph,2
95eccf98-f6c0-11e9-a61d-340286a22b19,{'b16': {'size': 300}},0,graph,2
95eccf98-f6c0-11e9-a61d-340286a22b19,{'b16': {'size': 300}},0,graph,2
95eccf98-f6c0-11e9-a61d-340286a22b19,{'b16': {'size': 300}},0,graph,2
95eccf98-f6c0-11e9-a61d-340286a22b19,{'b16': {'size': 300}},0,graph,2
dag_id,data,mse_factor,name,stage_id
167379c4-f6cf-11e9-a61d-340286a22b19,{'a2': {'size': 160}},0,graph,0
167379c4-f6cf-11e9-a61d-340286a22b19,{'c23': {'size': 400}},0,graph,1
167379c4-f6cf-11e9-a61d-340286a22b19,{'b16': {'size': 300}},0,graph,2
167379c4-f6cf-11e9-a61d-340286a22b19,{'b16': {'size': 300}},0,graph,2
167379c4-f6cf-11e9-a61d-340286a22b19,{'d6': {'size': 300}},0,graph,3
167379c4-f6cf-11e9-a61d-340286a22b19,{'d6': {'size': 300}},0,graph,3
dag_id,data,mse_factor,name,stage_id
9d4bf754-f725-11e9-a61d-340286a22b19,{'a2': {'size': 160}},0,graph,0
9d4bf754-f725-11e9-a61d-340286a22b19,{'c23': {'size': 400}},0,graph,1
9d4bf754-f725-11e9-a61d-340286a22b19,{'b16': {'size': 300}},0,graph,2
9d4bf754-f725-11e9-a61d-340286a22b19,{'b16': {'size': 300}},0,graph,2
9d4bf754-f725-11e9-a61d-340286a22b19,{'d6': {'size': 300}},0,graph,3
9d4bf754-f725-11e9-a61d-340286a22b19,{'d6': {'size': 300}},0,graph,3
9d4bf754-f725-11e9-a61d-340286a22b19,{'c21': {'size': 160}},0,graph,4
9d4bf754-f725-11e9-a61d-340286a22b19,{'c21': {'size': 160}},0,graph,4
dag_id,data,mse_factor,name,stage_id
2efbda56-f73b-11e9-a61d-340286a22b19,{'c23': {'size': 400}},0,graph,1
2efbda56-f73b-11e9-a61d-340286a22b19,{'b16': {'size': 300}},0,graph,2
2efbda56-f73b-11e9-a61d-340286a22b19,{'b16': {'size': 300}},0,graph,2
2efbda56-f73b-11e9-a61d-340286a22b19,{'d6': {'size': 300}},0,graph,3
2efbda56-f73b-11e9-a61d-340286a22b19,{'d6': {'size': 300}},0,graph,3
2efbda56-f73b-11e9-a61d-340286a22b19,{'c21': {'size': 160}},0,graph,4
2efbda56-f73b-11e9-a61d-340286a22b19,{'c21': {'size': 160}},0,graph,4
dag_id,data,mse_factor,name,stage_id
212c3d8e-f752-11e9-a61e-340286a22b19,{'c26': {'size': 40}},0,graph,0
212c3d8e-f752-11e9-a61e-340286a22b19,"{'f': {'size': 90}, 'c26': {'size': 160}}",0,graph,0
212c3d8e-f752-11e9-a61e-340286a22b19,"{'d21': {'size': 160}, 'f': {'size': 150}, 'c26': {'size': 240}}",0,graph,0
dag_id,data,mse_factor,name,stage_id
05fa9758-f753-11e9-a61e-340286a22b19,{'c26': {'size': 40}},0,graph,0
05fa9758-f753-11e9-a61e-340286a22b19,"{'f': {'size': 90}, 'c26': {'size': 160}}",0,graph,0
05fa9758-f753-11e9-a61e-340286a22b19,"{'d21': {'size': 160}, 'f': {'size': 150}, 'c26': {'size': 240}}",0,graph,0
dag_id,data,mse_factor,name,stage_id
327516f2-f756-11e9-a61e-340286a22b19,{'c26': {'size': 40}},0,graph,0
327516f2-f756-11e9-a61e-340286a22b19,"{'f': {'size': 90}, 'c26': {'size': 160}}",0,graph,0
327516f2-f756-11e9-a61e-340286a22b19,"{'d21': {'size': 160}, 'f': {'size': 150}, 'c26': {'size': 240}}",0,graph,0
dag_id,data,mse_factor,name,stage_id
327516f3-f756-11e9-a61e-340286a22b19,{'a27': {'size': 40}},0,graph,0
327516f3-f756-11e9-a61e-340286a22b19,"{'b3': {'size': 96}, 'a27': {'size': 160}}",0,graph,0
327516f3-f756-11e9-a61e-340286a22b19,"{'c26': {'size': 160}, 'b3': {'size': 160}, 'a27': {'size': 240}}",0,graph,0
327516f3-f756-11e9-a61e-340286a22b19,{'d6': {'size': 93}},0,graph,1
327516f3-f756-11e9-a61e-340286a22b19,"{'b16': {'size': 125}, 'd6': {'size': 185}}",0,graph,1
327516f3-f756-11e9-a61e-340286a22b19,"{'a18': {'size': 320}, 'b16': {'size': 250}, 'd6': {'size': 277}}",0,graph,1
327516f3-f756-11e9-a61e-340286a22b19,{'d': {'size': 25}},0,graph,2
327516f3-f756-11e9-a61e-340286a22b19,"{'d20': {'size': 120}, 'd': {'size': 100}}",0,graph,2
327516f3-f756-11e9-a61e-340286a22b19,{'d': {'size': 25}},0,graph,2
327516f3-f756-11e9-a61e-340286a22b19,"{'d20': {'size': 120}, 'd': {'size': 100}}",0,graph,2
dag_id,data,mse_factor,name,stage_id
327516f1-f756-11e9-a61e-340286a22b19,{'a2': {'size': 160}},0,graph,0
327516f1-f756-11e9-a61e-340286a22b19,{'b16': {'size': 300}},0,graph,2
327516f1-f756-11e9-a61e-340286a22b19,{'b16': {'size': 300}},0,graph,2
327516f1-f756-11e9-a61e-340286a22b19,{'c21': {'size': 160}},0,graph,4
327516f1-f756-11e9-a61e-340286a22b19,{'c21': {'size': 160}},0,graph,4
dag_id,data,mse_factor,name,stage_id
2bbcb470-f781-11e9-a61e-340286a22b19,{'c26': {'size': 40}},0,graph,0
2bbcb470-f781-11e9-a61e-340286a22b19,"{'f': {'size': 90}, 'c26': {'size': 160}}",0,graph,0
2bbcb470-f781-11e9-a61e-340286a22b19,"{'d21': {'size': 160}, 'f': {'size': 150}, 'c26': {'size': 240}}",0,graph,0
dag_id,data,mse_factor,name,stage_id
bc3c328c-f781-11e9-a61e-340286a22b19,{'c26': {'size': 40}},0,graph,0
bc3c328c-f781-11e9-a61e-340286a22b19,"{'f': {'size': 90}, 'c26': {'size': 160}}",0,graph,0
bc3c328c-f781-11e9-a61e-340286a22b19,"{'d21': {'size': 160}, 'f': {'size': 150}, 'c26': {'size': 240}}",0,graph,0
dag_id,data,mse_factor,name,stage_id
0c8d28c2-f782-11e9-a61e-340286a22b19,{'c26': {'size': 40}},0,graph,0
0c8d28c2-f782-11e9-a61e-340286a22b19,"{'f': {'size': 90}, 'c26': {'size': 160}}",0,graph,0
0c8d28c2-f782-11e9-a61e-340286a22b19,"{'d21': {'size': 160}, 'f': {'size': 150}, 'c26': {'size': 240}}",0,graph,0
dag_id,data,mse_factor,name,stage_id
4443fbec-f782-11e9-a61e-340286a22b19,{'c26': {'size': 40}},0,graph,0
4443fbec-f782-11e9-a61e-340286a22b19,"{'f': {'size': 90}, 'c26': {'size': 160}}",0,graph,0
4443fbec-f782-11e9-a61e-340286a22b19,"{'d21': {'size': 160}, 'f': {'size': 150}, 'c26': {'size': 240}}",0,graph,0
dag_id,data,mse_factor,name,stage_id
4443fbed-f782-11e9-a61e-340286a22b19,{'a27': {'size': 40}},0,graph,0
4443fbed-f782-11e9-a61e-340286a22b19,"{'b3': {'size': 96}, 'a27': {'size': 160}}",0,graph,0
4443fbed-f782-11e9-a61e-340286a22b19,"{'c26': {'size': 160}, 'b3': {'size': 160}, 'a27': {'size': 240}}",0,graph,0
4443fbed-f782-11e9-a61e-340286a22b19,{'d6': {'size': 93}},0,graph,1
4443fbed-f782-11e9-a61e-340286a22b19,"{'b16': {'size': 125}, 'd6': {'size': 185}}",0,graph,1
4443fbed-f782-11e9-a61e-340286a22b19,"{'a18': {'size': 320}, 'b16': {'size': 250}, 'd6': {'size': 277}}",0,graph,1
4443fbed-f782-11e9-a61e-340286a22b19,{'d': {'size': 25}},0,graph,2
4443fbed-f782-11e9-a61e-340286a22b19,"{'d20': {'size': 120}, 'd': {'size': 100}}",0,graph,2
4443fbed-f782-11e9-a61e-340286a22b19,{'d': {'size': 25}},0,graph,2
4443fbed-f782-11e9-a61e-340286a22b19,"{'d20': {'size': 120}, 'd': {'size': 100}}",0,graph,2
dag_id,data,mse_factor,name,stage_id
4443fbeb-f782-11e9-a61e-340286a22b19,{'a2': {'size': 160}},0,graph,0
4443fbeb-f782-11e9-a61e-340286a22b19,{'c23': {'size': 400}},0,graph,1
4443fbeb-f782-11e9-a61e-340286a22b19,{'b16': {'size': 300}},0,graph,2
4443fbeb-f782-11e9-a61e-340286a22b19,{'b16': {'size': 300}},0,graph,2
4443fbeb-f782-11e9-a61e-340286a22b19,{'d25': {'size': 200}},0,graph,3
4443fbeb-f782-11e9-a61e-340286a22b19,{'d25': {'size': 200}},0,graph,3
4443fbeb-f782-11e9-a61e-340286a22b19,{'c21': {'size': 160}},0,graph,4
4443fbeb-f782-11e9-a61e-340286a22b19,{'c21': {'size': 160}},0,graph,4
dag_id,data,mse_factor,name,stage_id
a3b6cf28-f787-11e9-a61e-340286a22b19,{'c26': {'size': 40}},0,graph,0
a3b6cf28-f787-11e9-a61e-340286a22b19,"{'f': {'size': 90}, 'c26': {'size': 160}}",0,graph,0
a3b6cf28-f787-11e9-a61e-340286a22b19,"{'d21': {'size': 160}, 'f': {'size': 150}, 'c26': {'size': 240}}",0,graph,0
dag_id,data,mse_factor,name,stage_id
a3b6cf29-f787-11e9-a61e-340286a22b19,{'a27': {'size': 40}},0,graph,0
a3b6cf29-f787-11e9-a61e-340286a22b19,"{'b3': {'size': 96}, 'a27': {'size': 160}}",0,graph,0
a3b6cf29-f787-11e9-a61e-340286a22b19,"{'c26': {'size': 160}, 'b3': {'size': 160}, 'a27': {'size': 240}}",0,graph,0
a3b6cf29-f787-11e9-a61e-340286a22b19,{'d6': {'size': 93}},0,graph,1
a3b6cf29-f787-11e9-a61e-340286a22b19,"{'b16': {'size': 125}, 'd6': {'size': 185}}",0,graph,1
a3b6cf29-f787-11e9-a61e-340286a22b19,"{'a18': {'size': 320}, 'b16': {'size': 250}, 'd6': {'size': 277}}",0,graph,1
a3b6cf29-f787-11e9-a61e-340286a22b19,{'d': {'size': 25}},0,graph,2
a3b6cf29-f787-11e9-a61e-340286a22b19,"{'d20': {'size': 120}, 'd': {'size': 100}}",0,graph,2
a3b6cf29-f787-11e9-a61e-340286a22b19,{'d': {'size': 25}},0,graph,2
a3b6cf29-f787-11e9-a61e-340286a22b19,"{'d20': {'size': 120}, 'd': {'size': 100}}",0,graph,2
dag_id,data,mse_factor,name,stage_id
a3b6cf27-f787-11e9-a61e-340286a22b19,{'a2': {'size': 160}},0,graph,0
dag_id,data,mse_factor,name,stage_id
cb19860e-f788-11e9-a61e-340286a22b19,{'c26': {'size': 40}},0,graph,0
cb19860e-f788-11e9-a61e-340286a22b19,"{'f': {'size': 90}, 'c26': {'size': 160}}",0,graph,0
cb19860e-f788-11e9-a61e-340286a22b19,"{'d21': {'size': 160}, 'f': {'size': 150}, 'c26': {'size': 240}}",0,graph,0
dag_id,data,mse_factor,name,stage_id
cb19860f-f788-11e9-a61e-340286a22b19,{'a27': {'size': 40}},0,graph,0
cb19860f-f788-11e9-a61e-340286a22b19,"{'b3': {'size': 96}, 'a27': {'size': 160}}",0,graph,0
cb19860f-f788-11e9-a61e-340286a22b19,"{'c26': {'size': 160}, 'b3': {'size': 160}, 'a27': {'size': 240}}",0,graph,0
cb19860f-f788-11e9-a61e-340286a22b19,{'d6': {'size': 93}},0,graph,1
cb19860f-f788-11e9-a61e-340286a22b19,"{'b16': {'size': 125}, 'd6': {'size': 185}}",0,graph,1
cb19860f-f788-11e9-a61e-340286a22b19,"{'a18': {'size': 320}, 'b16': {'size': 250}, 'd6': {'size': 277}}",0,graph,1
cb19860f-f788-11e9-a61e-340286a22b19,{'d': {'size': 25}},0,graph,2
cb19860f-f788-11e9-a61e-340286a22b19,"{'d20': {'size': 120}, 'd': {'size': 100}}",0,graph,2
cb19860f-f788-11e9-a61e-340286a22b19,{'d': {'size': 25}},0,graph,2
cb19860f-f788-11e9-a61e-340286a22b19,"{'d20': {'size': 120}, 'd': {'size': 100}}",0,graph,2
dag_id,data,mse_factor,name,stage_id
cb19860d-f788-11e9-a61e-340286a22b19,{'a2': {'size': 160}},0,graph,0
cb19860d-f788-11e9-a61e-340286a22b19,{'b16': {'size': 300}},0,graph,2
cb19860d-f788-11e9-a61e-340286a22b19,{'b16': {'size': 300}},0,graph,2
cb19860d-f788-11e9-a61e-340286a22b19,{'c21': {'size': 160}},0,graph,4
cb19860d-f788-11e9-a61e-340286a22b19,{'c21': {'size': 160}},0,graph,4
dag_id,data,mse_factor,name,stage_id
2687bc34-f78b-11e9-a61e-340286a22b19,{'c26': {'size': 40}},0,graph,0
2687bc34-f78b-11e9-a61e-340286a22b19,"{'f': {'size': 90}, 'c26': {'size': 160}}",0,graph,0
2687bc34-f78b-11e9-a61e-340286a22b19,"{'d21': {'size': 160}, 'f': {'size': 150}, 'c26': {'size': 240}}",0,graph,0
dag_id,data,mse_factor,name,stage_id
2687bc35-f78b-11e9-a61e-340286a22b19,{'a27': {'size': 40}},0,graph,0
2687bc35-f78b-11e9-a61e-340286a22b19,"{'b3': {'size': 96}, 'a27': {'size': 160}}",0,graph,0
2687bc35-f78b-11e9-a61e-340286a22b19,"{'c26': {'size': 160}, 'b3': {'size': 160}, 'a27': {'size': 240}}",0,graph,0
2687bc35-f78b-11e9-a61e-340286a22b19,{'d6': {'size': 93}},0,graph,1
2687bc35-f78b-11e9-a61e-340286a22b19,"{'b16': {'size': 125}, 'd6': {'size': 185}}",0,graph,1
2687bc35-f78b-11e9-a61e-340286a22b19,"{'a18': {'size': 320}, 'b16': {'size': 250}, 'd6': {'size': 277}}",0,graph,1
2687bc35-f78b-11e9-a61e-340286a22b19,{'d': {'size': 25}},0,graph,2
2687bc35-f78b-11e9-a61e-340286a22b19,"{'d20': {'size': 120}, 'd': {'size': 100}}",0,graph,2
2687bc35-f78b-11e9-a61e-340286a22b19,{'d': {'size': 25}},0,graph,2
2687bc35-f78b-11e9-a61e-340286a22b19,"{'d20': {'size': 120}, 'd': {'size': 100}}",0,graph,2
dag_id,data,mse_factor,name,stage_id
710cc8ca-f78c-11e9-a61e-340286a22b19,{'c26': {'size': 40}},0,graph,0
710cc8ca-f78c-11e9-a61e-340286a22b19,"{'f': {'size': 90}, 'c26': {'size': 160}}",0,graph,0
710cc8ca-f78c-11e9-a61e-340286a22b19,"{'d21': {'size': 160}, 'f': {'size': 150}, 'c26': {'size': 240}}",0,graph,0
dag_id,data,mse_factor,name,stage_id
710cc8cb-f78c-11e9-a61e-340286a22b19,{'a27': {'size': 40}},0,graph,0
710cc8cb-f78c-11e9-a61e-340286a22b19,"{'b3': {'size': 96}, 'a27': {'size': 160}}",0,graph,0
710cc8cb-f78c-11e9-a61e-340286a22b19,"{'c26': {'size': 160}, 'b3': {'size': 160}, 'a27': {'size': 240}}",0,graph,0
710cc8cb-f78c-11e9-a61e-340286a22b19,{'d6': {'size': 93}},0,graph,1
710cc8cb-f78c-11e9-a61e-340286a22b19,"{'b16': {'size': 125}, 'd6': {'size': 185}}",0,graph,1
710cc8cb-f78c-11e9-a61e-340286a22b19,"{'a18': {'size': 320}, 'b16': {'size': 250}, 'd6': {'size': 277}}",0,graph,1
710cc8cb-f78c-11e9-a61e-340286a22b19,{'d': {'size': 25}},0,graph,2
710cc8cb-f78c-11e9-a61e-340286a22b19,"{'d20': {'size': 120}, 'd': {'size': 100}}",0,graph,2
710cc8cb-f78c-11e9-a61e-340286a22b19,{'d': {'size': 25}},0,graph,2
710cc8cb-f78c-11e9-a61e-340286a22b19,"{'d20': {'size': 120}, 'd': {'size': 100}}",0,graph,2
dag_id,data,mse_factor,name,stage_id
710cc8c9-f78c-11e9-a61e-340286a22b19,{'a2': {'size': 160}},0,graph,0
710cc8c9-f78c-11e9-a61e-340286a22b19,{'c23': {'size': 400}},0,graph,1
710cc8c9-f78c-11e9-a61e-340286a22b19,{'b16': {'size': 300}},0,graph,2
710cc8c9-f78c-11e9-a61e-340286a22b19,{'b16': {'size': 300}},0,graph,2
710cc8c9-f78c-11e9-a61e-340286a22b19,{'d25': {'size': 200}},0,graph,3
710cc8c9-f78c-11e9-a61e-340286a22b19,{'d25': {'size': 200}},0,graph,3
710cc8c9-f78c-11e9-a61e-340286a22b19,{'c21': {'size': 160}},0,graph,4
710cc8c9-f78c-11e9-a61e-340286a22b19,{'c21': {'size': 160}},0,graph,4
dag_id,data,mse_factor,name,stage_id
c358d164-f791-11e9-a61e-340286a22b19,{'c26': {'size': 40}},0,graph,0
c358d164-f791-11e9-a61e-340286a22b19,"{'f': {'size': 90}, 'c26': {'size': 160}}",0,graph,0
dag_id,data,mse_factor,name,stage_id
c358d165-f791-11e9-a61e-340286a22b19,{'a27': {'size': 40}},0,graph,0
c358d165-f791-11e9-a61e-340286a22b19,"{'b3': {'size': 96}, 'a27': {'size': 160}}",0,graph,0
c358d165-f791-11e9-a61e-340286a22b19,{'d6': {'size': 93}},0,graph,1
c358d165-f791-11e9-a61e-340286a22b19,{'d': {'size': 25}},0,graph,2
c358d165-f791-11e9-a61e-340286a22b19,"{'d20': {'size': 120}, 'd': {'size': 100}}",0,graph,2
c358d165-f791-11e9-a61e-340286a22b19,{'d': {'size': 25}},0,graph,2
c358d165-f791-11e9-a61e-340286a22b19,"{'d20': {'size': 120}, 'd': {'size': 100}}",0,graph,2
dag_id,data,mse_factor,name,stage_id
c358d163-f791-11e9-a61e-340286a22b19,{'a2': {'size': 160}},0,graph,0
c358d163-f791-11e9-a61e-340286a22b19,{'b16': {'size': 300}},0,graph,2
c358d163-f791-11e9-a61e-340286a22b19,{'b16': {'size': 300}},0,graph,2
c358d163-f791-11e9-a61e-340286a22b19,{'c21': {'size': 160}},0,graph,4
c358d163-f791-11e9-a61e-340286a22b19,{'c21': {'size': 160}},0,graph,4
dag_id,data,mse_factor,name,stage_id
e53a9130-f793-11e9-a61e-340286a22b19,{'c26': {'size': 40}},0,graph,0
e53a9130-f793-11e9-a61e-340286a22b19,"{'f': {'size': 90}, 'c26': {'size': 160}}",0,graph,0

dag_id,data,mse_factor,name,stage_id
ff87b912-f7ea-11e9-a61e-340286a22b19,{'c26': {'size': 40}},0,graph,0
ff87b912-f7ea-11e9-a61e-340286a22b19,"{'f': {'size': 90}, 'c26': {'size': 160}}",0,graph,0
dag_id,data,mse_factor,name,stage_id
ff87b913-f7ea-11e9-a61e-340286a22b19,{'a27': {'size': 40}},0,graph,0
ff87b913-f7ea-11e9-a61e-340286a22b19,{'d6': {'size': 93}},0,graph,1
ff87b913-f7ea-11e9-a61e-340286a22b19,{'d': {'size': 25}},0,graph,2
ff87b913-f7ea-11e9-a61e-340286a22b19,"{'d20': {'size': 120}, 'd': {'size': 100}}",0,graph,2
ff87b913-f7ea-11e9-a61e-340286a22b19,{'d': {'size': 25}},0,graph,2
ff87b913-f7ea-11e9-a61e-340286a22b19,"{'d20': {'size': 120}, 'd': {'size': 100}}",0,graph,2
dag_id,data,mse_factor,name,stage_id
ff87b911-f7ea-11e9-a61e-340286a22b19,{'a2': {'size': 160}},0,graph,0
ff87b911-f7ea-11e9-a61e-340286a22b19,{'b16': {'size': 300}},0,graph,2
ff87b911-f7ea-11e9-a61e-340286a22b19,{'b16': {'size': 300}},0,graph,2
ff87b911-f7ea-11e9-a61e-340286a22b19,{'c21': {'size': 160}},0,graph,4
ff87b911-f7ea-11e9-a61e-340286a22b19,{'c21': {'size': 160}},0,graph,4
dag_id,data,mse_factor,name,stage_id
6f615936-f7ec-11e9-a61f-340286a22b19,{'c26': {'size': 40}},0,graph,0
6f615936-f7ec-11e9-a61f-340286a22b19,"{'f': {'size': 90}, 'c26': {'size': 160}}",0,graph,0
dag_id,data,mse_factor,name,stage_id
c7aa5bd8-f7ec-11e9-a61f-340286a22b19,{'c26': {'size': 40}},0,graph,0
c7aa5bd8-f7ec-11e9-a61f-340286a22b19,"{'f': {'size': 90}, 'c26': {'size': 160}}",0,graph,0
dag_id,data,mse_factor,name,stage_id
05fe7a90-f7ed-11e9-a61f-340286a22b19,{'c26': {'size': 40}},0,graph,0
05fe7a90-f7ed-11e9-a61f-340286a22b19,"{'f': {'size': 90}, 'c26': {'size': 160}}",0,graph,0
dag_id,data,mse_factor,name,stage_id
4b156cd8-f7ed-11e9-a61f-340286a22b19,{'c26': {'size': 40}},0,graph,0
4b156cd8-f7ed-11e9-a61f-340286a22b19,"{'f': {'size': 90}, 'c26': {'size': 160}}",0,graph,0
dag_id,data,mse_factor,name,stage_id
4b156cd9-f7ed-11e9-a61f-340286a22b19,{'a27': {'size': 40}},0,graph,0
4b156cd9-f7ed-11e9-a61f-340286a22b19,{'d6': {'size': 93}},0,graph,1
4b156cd9-f7ed-11e9-a61f-340286a22b19,{'d': {'size': 25}},0,graph,2
4b156cd9-f7ed-11e9-a61f-340286a22b19,"{'d20': {'size': 120}, 'd': {'size': 100}}",0,graph,2
4b156cd9-f7ed-11e9-a61f-340286a22b19,{'d': {'size': 25}},0,graph,2
4b156cd9-f7ed-11e9-a61f-340286a22b19,"{'d20': {'size': 120}, 'd': {'size': 100}}",0,graph,2
dag_id,data,mse_factor,name,stage_id
4b156cd7-f7ed-11e9-a61f-340286a22b19,{'a2': {'size': 160}},0,graph,0
4b156cd7-f7ed-11e9-a61f-340286a22b19,{'b16': {'size': 300}},0,graph,2
4b156cd7-f7ed-11e9-a61f-340286a22b19,{'b16': {'size': 300}},0,graph,2
4b156cd7-f7ed-11e9-a61f-340286a22b19,{'c21': {'size': 160}},0,graph,4
4b156cd7-f7ed-11e9-a61f-340286a22b19,{'c21': {'size': 160}},0,graph,4
dag_id,data,mse_factor,name,stage_id
b09ea612-f7f4-11e9-a61f-340286a22b19,{'c26': {'size': 40}},0,graph,0
b09ea612-f7f4-11e9-a61f-340286a22b19,"{'f': {'size': 90}, 'c26': {'size': 160}}",0,graph,0
dag_id,data,mse_factor,name,stage_id
ef6fd1c2-f7f4-11e9-a61f-340286a22b19,{'c26': {'size': 40}},0,graph,0
ef6fd1c2-f7f4-11e9-a61f-340286a22b19,"{'f': {'size': 90}, 'c26': {'size': 160}}",0,graph,0
dag_id,data,mse_factor,name,stage_id
4c6e57fa-f7f9-11e9-a61f-340286a22b19,{'c26': {'size': 40}},0,graph,0
4c6e57fa-f7f9-11e9-a61f-340286a22b19,"{'f': {'size': 90}, 'c26': {'size': 160}}",0,graph,0


dag_id,data,mse_factor,name,stage_id
373b0c70-f7fe-11e9-a61f-340286a22b19,{'c26': {'size': 40}},0,graph,0
373b0c70-f7fe-11e9-a61f-340286a22b19,"{'f': {'size': 90}, 'c26': {'size': 160}}",0,graph,0
dag_id,data,mse_factor,name,stage_id
9bc0f09c-f80d-11e9-a620-340286a22b19,{'c26': {'size': 40}},0,graph,0
9bc0f09c-f80d-11e9-a620-340286a22b19,"{'f': {'size': 90}, 'c26': {'size': 160}}",0,graph,0

dag_id,data,mse_factor,name,stage_id
dbccf954-f80f-11e9-a620-340286a22b19,{'c26': {'size': 40}},0,graph,0
dbccf954-f80f-11e9-a620-340286a22b19,"{'f': {'size': 90}, 'c26': {'size': 160}}",0,graph,0
dag_id,data,mse_factor,name,stage_id
4fa4454e-f810-11e9-a620-340286a22b19,{'c26': {'size': 40}},0,graph,0
4fa4454e-f810-11e9-a620-340286a22b19,"{'f': {'size': 90}, 'c26': {'size': 160}}",0,graph,0

dag_id,data,mse_factor,name,stage_id
592ff5bc-f811-11e9-a621-340286a22b19,{'c26': {'size': 40}},0,graph,0
592ff5bc-f811-11e9-a621-340286a22b19,"{'f': {'size': 90}, 'c26': {'size': 160}}",0,graph,0
dag_id,data,mse_factor,name,stage_id
c3621a0a-f811-11e9-a622-340286a22b19,{'c26': {'size': 40}},0,graph,0
c3621a0a-f811-11e9-a622-340286a22b19,"{'f': {'size': 90}, 'c26': {'size': 160}}",0,graph,0
dag_id,data,mse_factor,name,stage_id
c3621a0b-f811-11e9-a622-340286a22b19,{'a27': {'size': 40}},0,graph,0
c3621a0b-f811-11e9-a622-340286a22b19,{'d6': {'size': 93}},0,graph,1
c3621a0b-f811-11e9-a622-340286a22b19,"{'b16': {'size': 125}, 'd6': {'size': 185}}",0,graph,1
c3621a0b-f811-11e9-a622-340286a22b19,{'d': {'size': 25}},0,graph,2
c3621a0b-f811-11e9-a622-340286a22b19,{'d': {'size': 25}},0,graph,2
dag_id,data,mse_factor,name,stage_id
dd3d778e-f812-11e9-a622-340286a22b19,{'c26': {'size': 40}},0,graph,0
dd3d778e-f812-11e9-a622-340286a22b19,"{'f': {'size': 90}, 'c26': {'size': 160}}",0,graph,0
dag_id,data,mse_factor,name,stage_id
36826d08-f814-11e9-a622-340286a22b19,{'c26': {'size': 40}},0,graph,0
36826d08-f814-11e9-a622-340286a22b19,"{'f': {'size': 90}, 'c26': {'size': 160}}",0,graph,0
dag_id,data,mse_factor,name,stage_id
c1f31180-f814-11e9-a622-340286a22b19,{'c26': {'size': 40}},0,graph,0
c1f31180-f814-11e9-a622-340286a22b19,"{'f': {'size': 90}, 'c26': {'size': 160}}",0,graph,0
dag_id,data,mse_factor,name,stage_id
c1f31181-f814-11e9-a622-340286a22b19,{'a27': {'size': 40}},0,graph,0
c1f31181-f814-11e9-a622-340286a22b19,{'d6': {'size': 93}},0,graph,1
c1f31181-f814-11e9-a622-340286a22b19,"{'b16': {'size': 125}, 'd6': {'size': 185}}",0,graph,1
c1f31181-f814-11e9-a622-340286a22b19,{'d': {'size': 25}},0,graph,2
c1f31181-f814-11e9-a622-340286a22b19,{'d': {'size': 25}},0,graph,2
dag_id,data,mse_factor,name,stage_id
c1f3117f-f814-11e9-a622-340286a22b19,{'a2': {'size': 160}},0,graph,0
dag_id,data,mse_factor,name,stage_id
9188b3cc-f816-11e9-a622-340286a22b19,{'c26': {'size': 40}},0,graph,0
9188b3cc-f816-11e9-a622-340286a22b19,"{'f': {'size': 90}, 'c26': {'size': 160}}",0,graph,0
dag_id,data,mse_factor,name,stage_id
9188b3cd-f816-11e9-a622-340286a22b19,{'a27': {'size': 40}},0,graph,0
9188b3cd-f816-11e9-a622-340286a22b19,{'d6': {'size': 93}},0,graph,1
9188b3cd-f816-11e9-a622-340286a22b19,"{'b16': {'size': 125}, 'd6': {'size': 185}}",0,graph,1
9188b3cd-f816-11e9-a622-340286a22b19,{'d': {'size': 25}},0,graph,2
9188b3cd-f816-11e9-a622-340286a22b19,{'d': {'size': 25}},0,graph,2
dag_id,data,mse_factor,name,stage_id
9188b3cb-f816-11e9-a622-340286a22b19,{'a2': {'size': 160}},0,graph,0
9188b3cb-f816-11e9-a622-340286a22b19,{'d25': {'size': 200}},0,graph,3
9188b3cb-f816-11e9-a622-340286a22b19,{'d25': {'size': 200}},0,graph,3
9188b3cb-f816-11e9-a622-340286a22b19,{'c21': {'size': 160}},0,graph,4
9188b3cb-f816-11e9-a622-340286a22b19,{'c21': {'size': 160}},0,graph,4
dag_id,data,mse_factor,name,stage_id
cf92bf71-f81d-11e9-a622-340286a22b19,{'ad': {'size': 80}},0,graph,1
cf92bf71-f81d-11e9-a622-340286a22b19,"{'sup': {'size': 100}, 'ad': {'size': 120}}",0,graph,1
dag_id,data,mse_factor,name,stage_id
cf92bf72-f81d-11e9-a622-340286a22b19,{'ad': {'size': 120}},0,graph,1
dag_id,data,mse_factor,name,stage_id
61ac17b1-f820-11e9-b44d-000f53222e78,{'ad': {'size': 80}},0,graph,1
61ac17b1-f820-11e9-b44d-000f53222e78,"{'sup': {'size': 100}, 'ad': {'size': 120}}",0,graph,1
dag_id,data,mse_factor,name,stage_id
61ac17b2-f820-11e9-b44d-000f53222e78,{'ad': {'size': 120}},0,graph,1
dag_id,data,mse_factor,name,stage_id
61ac17b3-f820-11e9-b44d-000f53222e78,"{'or': {'size': 326}, 'cus': {'size': 46}}",0,graph,1
61ac17b3-f820-11e9-b44d-000f53222e78,{'re': {'size': 64}},0,graph,2
61ac17b3-f820-11e9-b44d-000f53222e78,"{'re': {'size': 120}, 'c2': {'size': 37}}",0,graph,2
61ac17b3-f820-11e9-b44d-000f53222e78,{'re': {'size': 64}},0,graph,2
61ac17b3-f820-11e9-b44d-000f53222e78,"{'re': {'size': 120}, 'c2': {'size': 37}}",0,graph,2
61ac17b3-f820-11e9-b44d-000f53222e78,{},0,graph,3
61ac17b3-f820-11e9-b44d-000f53222e78,{},0,graph,3
61ac17b3-f820-11e9-b44d-000f53222e78,{},0,graph,4
61ac17b3-f820-11e9-b44d-000f53222e78,{},0,graph,4
61ac17b3-f820-11e9-b44d-000f53222e78,{},0,graph,5
61ac17b3-f820-11e9-b44d-000f53222e78,{},0,graph,5
dag_id,data,mse_factor,name,stage_id
61ac17b4-f820-11e9-b44d-000f53222e78,{'ad': {'size': 120}},0,graph,1
61ac17b4-f820-11e9-b44d-000f53222e78,{'e4': {'size': 262}},0,graph,2
61ac17b4-f820-11e9-b44d-000f53222e78,{'e4': {'size': 262}},0,graph,2
61ac17b4-f820-11e9-b44d-000f53222e78,{'f4': {'size': 326}},0,graph,3
61ac17b4-f820-11e9-b44d-000f53222e78,{'f4': {'size': 326}},0,graph,3

dag_id,data,mse_factor,name,stage_id
61ac17b6-f820-11e9-b44d-000f53222e78,"{'sup': {'size': 200}, 'b6': {'size': 50}}",0,graph,0
61ac17b6-f820-11e9-b44d-000f53222e78,{'c6': {'size': 226}},0,graph,1
61ac17b6-f820-11e9-b44d-000f53222e78,{'d6': {'size': 300}},0,graph,2
61ac17b6-f820-11e9-b44d-000f53222e78,{'d6': {'size': 300}},0,graph,2
dag_id,data,mse_factor,name,stage_id
61ac17b7-f820-11e9-b44d-000f53222e78,{'g': {'size': 200}},0,graph,0
61ac17b7-f820-11e9-b44d-000f53222e78,{},0,graph,1
dag_id,data,mse_factor,name,stage_id
61ac17b8-f820-11e9-b44d-000f53222e78,{'a1': {'size': 160}},0,graph,0
61ac17b8-f820-11e9-b44d-000f53222e78,{'a2': {'size': 80}},0,graph,1
61ac17b8-f820-11e9-b44d-000f53222e78,"{'a2': {'size': 160}, 'a3': {'size': 160}}",0,graph,1
61ac17b8-f820-11e9-b44d-000f53222e78,{'a4': {'size': 160}},0,graph,2
61ac17b8-f820-11e9-b44d-000f53222e78,{'a4': {'size': 160}},0,graph,2
dag_id,data,mse_factor,name,stage_id
61ac17b9-f820-11e9-b44d-000f53222e78,{'b1': {'size': 80}},0,graph,0
61ac17b9-f820-11e9-b44d-000f53222e78,"{'b1': {'size': 160}, 'b2': {'size': 160}}",0,graph,0
61ac17b9-f820-11e9-b44d-000f53222e78,{'b3': {'size': 160}},0,graph,1
61ac17b9-f820-11e9-b44d-000f53222e78,{'b4': {'size': 160}},0,graph,2
61ac17b9-f820-11e9-b44d-000f53222e78,{'b4': {'size': 160}},0,graph,2
dag_id,data,mse_factor,name,stage_id
61ac17ba-f820-11e9-b44d-000f53222e78,{'ac': {'size': 130}},0,graph,1
61ac17ba-f820-11e9-b44d-000f53222e78,{'f': {'size': 87}},0,graph,2
61ac17ba-f820-11e9-b44d-000f53222e78,"{'f': {'size': 150}, 'g': {'size': 138}}",0,graph,2
61ac17ba-f820-11e9-b44d-000f53222e78,{'f': {'size': 87}},0,graph,2
61ac17ba-f820-11e9-b44d-000f53222e78,"{'f': {'size': 150}, 'g': {'size': 138}}",0,graph,2
61ac17ba-f820-11e9-b44d-000f53222e78,{'b': {'size': 10}},0,graph,3
61ac17ba-f820-11e9-b44d-000f53222e78,{'b': {'size': 10}},0,graph,3
dag_id,data,mse_factor,name,stage_id
61ac17bb-f820-11e9-b44d-000f53222e78,{'a': {'size': 326}},0,graph,0
61ac17bb-f820-11e9-b44d-000f53222e78,{'b': {'size': 163}},0,graph,1
61ac17bb-f820-11e9-b44d-000f53222e78,{'d': {'size': 100}},0,graph,2
61ac17bb-f820-11e9-b44d-000f53222e78,{'d': {'size': 100}},0,graph,2
61ac17bb-f820-11e9-b44d-000f53222e78,{'b': {'size': 250}},0,graph,3
61ac17bb-f820-11e9-b44d-000f53222e78,{'b': {'size': 250}},0,graph,3
dag_id,data,mse_factor,name,stage_id
61ac17bc-f820-11e9-b44d-000f53222e78,{},0,graph,1
61ac17bc-f820-11e9-b44d-000f53222e78,{},0,graph,2
61ac17bc-f820-11e9-b44d-000f53222e78,{},0,graph,2
61ac17bc-f820-11e9-b44d-000f53222e78,{},0,graph,3
61ac17bc-f820-11e9-b44d-000f53222e78,{},0,graph,3
dag_id,data,mse_factor,name,stage_id
61ac17bd-f820-11e9-b44d-000f53222e78,{'ab': {'size': 350}},0,graph,0
61ac17bd-f820-11e9-b44d-000f53222e78,{'a13': {'size': 120}},0,graph,1
dag_id,data,mse_factor,name,stage_id
61ac17be-f820-11e9-b44d-000f53222e78,{'a14': {'size': 84}},0,graph,1
61ac17be-f820-11e9-b44d-000f53222e78,"{'a14': {'size': 167}, 'd6': {'size': 300}}",0,graph,1

dag_id,data,mse_factor,name,stage_id
61ac17c0-f820-11e9-b44d-000f53222e78,{'a16': {'size': 449}},0,graph,0
61ac17c0-f820-11e9-b44d-000f53222e78,{'c23': {'size': 43}},0,graph,1
61ac17c0-f820-11e9-b44d-000f53222e78,"{'c23': {'size': 86}, 'c16': {'size': 60}}",0,graph,1
61ac17c0-f820-11e9-b44d-000f53222e78,"{'d16': {'size': 185}, 'e16': {'size': 195}}",0,graph,2
61ac17c0-f820-11e9-b44d-000f53222e78,"{'d16': {'size': 185}, 'e16': {'size': 195}}",0,graph,2
dag_id,data,mse_factor,name,stage_id
61ac17c1-f820-11e9-b44d-000f53222e78,{'g': {'size': 200}},0,graph,2
61ac17c1-f820-11e9-b44d-000f53222e78,{'g': {'size': 200}},0,graph,2
dag_id,data,mse_factor,name,stage_id
61ac17c2-f820-11e9-b44d-000f53222e78,{'d6': {'size': 60}},0,graph,0

dag_id,data,mse_factor,name,stage_id
61ac17c4-f820-11e9-b44d-000f53222e78,{'b20': {'size': 48}},0,graph,0
61ac17c4-f820-11e9-b44d-000f53222e78,{'e20': {'size': 100}},0,graph,2
61ac17c4-f820-11e9-b44d-000f53222e78,{'e20': {'size': 100}},0,graph,2
dag_id,data,mse_factor,name,stage_id
61ac17c5-f820-11e9-b44d-000f53222e78,{'a20': {'size': 32}},0,graph,0
61ac17c5-f820-11e9-b44d-000f53222e78,{'e20': {'size': 100}},0,graph,2
61ac17c5-f820-11e9-b44d-000f53222e78,{'e20': {'size': 100}},0,graph,2
dag_id,data,mse_factor,name,stage_id
61ac17c6-f820-11e9-b44d-000f53222e78,{'e22': {'size': 100}},0,graph,2
61ac17c6-f820-11e9-b44d-000f53222e78,{'e22': {'size': 100}},0,graph,2
dag_id,data,mse_factor,name,stage_id
61ac17c7-f820-11e9-b44d-000f53222e78,{'b20': {'size': 48}},0,graph,0
61ac17c7-f820-11e9-b44d-000f53222e78,{'e22': {'size': 100}},0,graph,2
61ac17c7-f820-11e9-b44d-000f53222e78,{'e22': {'size': 100}},0,graph,2


dag_id,data,mse_factor,name,stage_id
61ac17ca-f820-11e9-b44d-000f53222e78,{'c26': {'size': 40}},0,graph,0
dag_id,data,mse_factor,name,stage_id
61ac17cb-f820-11e9-b44d-000f53222e78,{'a27': {'size': 40}},0,graph,0
61ac17cb-f820-11e9-b44d-000f53222e78,{'d': {'size': 25}},0,graph,2
61ac17cb-f820-11e9-b44d-000f53222e78,{'d': {'size': 25}},0,graph,2
